task_code,cutting_best_response,cutting_second_response,maintenance_name_response,process_name_response,quality_name_response,date_response,decision_score,score_rel_opt_cc
T1,,,,,,2025-05-15,1.0,1.0
T1,,,,,,2025-05-08,0.8982936742909408,0.7588571049035397
T1,,,,,,2025-05-14,0.8861686464688862,0.7301089981191164
T1,,,,,,2025-05-28,0.8853537437125027,0.72817688614352
T1,,,,,,2025-05-16,0.8593147632910364,0.6664391812326725
T1,,,,,,2025-05-30,0.8372912276771208,0.6142219852896029
T1,,,,,,2025-05-09,0.8328431217774496,0.6036756487971144
T1,,,,,,2025-05-02,0.8156312208891043,0.562866706173409
T1,,,,,,2025-05-07,0.8028650897668232,0.5325985611337963
T1,,,,,,2025-05-29,0.8010468164909822,0.5282874853107733
T1,,,,,,2025-05-23,0.755686423138019,0.4207392428628262
T1,,,,,,2025-05-06,0.7442291037168174,0.3935742542939061
T1,,,,,,2025-05-27,0.7244494340715313,0.3466772027185681
T1,,,,,,2025-05-13,0.7023885736921626,0.2943715107853287
T1,,,,,,2025-05-20,0.6962598038809603,0.2798403664799017
T1,,,,,,2025-05-12,0.6172861513384801,0.0925960129191151
T1,,,,,,2025-05-22,0.60054179814209,0.0528956129868075
T1,,,,,,2025-05-01,0.5908262599880956,0.0298603397966598
T1,,,,,,2025-05-21,0.5512135226428437,0.0
T1,,,,,,2025-05-19,0.5184917204574985,0.0
T1,,,,,,2025-05-05,0.4457092706341229,0.0
T1,,,,,,2025-05-26,0.4437581209822983,0.0
T1,,,,,,2025-05-17,0.4240219729771728,0.0
T1,,,,,,2025-05-24,0.3924397697771299,0.0
T1,,,,,,2025-05-10,0.383659675885349,0.0
T1,,,,,,2025-05-03,0.3774979228170504,0.0
T1,,,,,,2025-05-31,0.3379281399684157,0.0
T1,,,,,,2025-05-11,0.0,0.0
T1,,,,,,2025-05-04,0.0,0.0
T1,,,,,,2025-05-18,0.0,0.0
T1,,,,,,2025-05-25,0.0,0.0
T2,Medium Capacity Cutting Machine 3,Low Capacity Cutting Machine 1,,,,,1.0,1.0
T2,Low Capacity Cutting Machine 1,Medium Capacity Cutting Machine 3,,,,,0.9684051905637132,0.9192213034806094
T2,Medium Capacity Cutting Machine 3,Large Capacity Cutting Machine 2,,,,,0.9422469015506928,0.8523422012688875
T2,Medium Capacity Cutting Machine 3,Medium Capacity Cutting Machine 2,,,,,0.9368799196014578,0.8386203965219219
T2,Large Capacity Cutting Machine 2,Medium Capacity Cutting Machine 3,,,,,0.8817755428897527,0.6977346053839408
T2,Medium Capacity Cutting Machine 2,Medium Capacity Cutting Machine 3,,,,,0.8737250699658999,0.6771518982634922
T2,Medium Capacity Cutting Machine 3,Large Capacity Cutting Machine 1,,,,,0.8498081584676709,0.6160033434829179
T2,Low Capacity Cutting Machine 1,Large Capacity Cutting Machine 2,,,,,0.847462473241833,0.6100061117107158
T2,Low Capacity Cutting Machine 1,Medium Capacity Cutting Machine 2,,,,,0.842095491292598,0.5962843069637502
T2,Large Capacity Cutting Machine 2,Low Capacity Cutting Machine 1,,,,,0.8185859240171796,0.5361772123451599
T2,Medium Capacity Cutting Machine 2,Low Capacity Cutting Machine 1,,,,,0.8105354510933268,0.5155945052247112
T2,Large Capacity Cutting Machine 2,Medium Capacity Cutting Machine 2,,,,,0.7554658436186373,0.3747976088670818
T2,Low Capacity Cutting Machine 1,Large Capacity Cutting Machine 1,,,,,0.7550237301588107,0.3736672539247458
T2,Medium Capacity Cutting Machine 2,Large Capacity Cutting Machine 2,,,,,0.7527823526440197,0.3679367064935986
T2,Large Capacity Cutting Machine 1,Medium Capacity Cutting Machine 3,,,,,0.7431174282652194,0.3432263187049863
T2,Large Capacity Cutting Machine 1,Low Capacity Cutting Machine 1,,,,,0.6799278093926462,0.1816689256662053
T2,Large Capacity Cutting Machine 2,Large Capacity Cutting Machine 1,,,,,0.6683940824848501,0.1521805558280774
T2,Medium Capacity Cutting Machine 2,Large Capacity Cutting Machine 1,,,,,0.6603436095609974,0.131597848707629
T2,Large Capacity Cutting Machine 1,Large Capacity Cutting Machine 2,,,,,0.6221747109433391,0.0340111269350928
T2,Large Capacity Cutting Machine 1,Medium Capacity Cutting Machine 2,,,,,0.6168077289941039,0.0202893221881272
T2,Medium Capacity Cutting Machine 3,Medium Capacity Cutting Machine 1,,,,,0.4966508465607928,0.0
T2,Low Capacity Cutting Machine 1,Medium Capacity Cutting Machine 1,,,,,0.4018664182519328,0.0
T2,Large Capacity Cutting Machine 2,Medium Capacity Cutting Machine 1,,,,,0.3152367705779722,0.0
T2,Medium Capacity Cutting Machine 2,Medium Capacity Cutting Machine 1,,,,,0.3071862976541194,0.0
T2,Medium Capacity Cutting Machine 1,Medium Capacity Cutting Machine 3,,,,,0.2133814604049026,0.0
T2,Large Capacity Cutting Machine 1,Medium Capacity Cutting Machine 1,,,,,0.1765786559534389,0.0
T2,Medium Capacity Cutting Machine 1,Low Capacity Cutting Machine 1,,,,,0.1501918415323293,0.0
T2,Medium Capacity Cutting Machine 1,Large Capacity Cutting Machine 2,,,,,0.0924387430830221,0.0
T2,Medium Capacity Cutting Machine 1,Medium Capacity Cutting Machine 2,,,,,0.087071761133787,0.0
T2,Medium Capacity Cutting Machine 1,Large Capacity Cutting Machine 1,,,,,0.0,0.0
T3,,,Low Capacity Cutting Machine 1,Riveting Machine,Laser Cutter,,1.0,1.0
T3,,,Low Capacity Cutting Machine 1,Laser Cutter,Riveting Machine,,1.0,1.0
T3,,,Laser Cutter,Low Capacity Cutting Machine 1,Riveting Machine,,1.0,1.0
T3,,,Riveting Machine,Laser Cutter,Low Capacity Cutting Machine 1,,1.0,1.0
T3,,,Laser Cutter,Riveting Machine,Low Capacity Cutting Machine 1,,1.0,1.0
T3,,,Riveting Machine,Low Capacity Cutting Machine 1,Laser Cutter,,1.0,1.0
T3,,,Laser Cutter,Large Capacity Cutting Machine 2,Low Capacity Cutting Machine 1,,0.8999999999999999,0.8188435767720526
T3,,,Laser Cutter,Large Capacity Cutting Machine 2,Riveting Machine,,0.8999999999999999,0.8188435767720526
T3,,,Laser Cutter,Assembly Machine 3,Riveting Machine,,0.8999999999999999,0.8188435767720526
T3,,,Laser Cutter,Assembly Machine 3,Low Capacity Cutting Machine 1,,0.8999999999999999,0.8188435767720526
T3,,,Low Capacity Cutting Machine 1,Large Capacity Cutting Machine 2,Riveting Machine,,0.8999999999999999,0.8188435767720526
T3,,,Low Capacity Cutting Machine 1,Large Capacity Cutting Machine 2,Laser Cutter,,0.8999999999999999,0.8188435767720526
T3,,,Riveting Machine,Assembly Machine 3,Low Capacity Cutting Machine 1,,0.8999999999999999,0.8188435767720526
T3,,,Low Capacity Cutting Machine 1,Assembly Machine 3,Laser Cutter,,0.8999999999999999,0.8188435767720526
T3,,,Riveting Machine,Large Capacity Cutting Machine 2,Laser Cutter,,0.8999999999999999,0.8188435767720526
T3,,,Riveting Machine,Large Capacity Cutting Machine 2,Low Capacity Cutting Machine 1,,0.8999999999999999,0.8188435767720526
T3,,,Low Capacity Cutting Machine 1,Assembly Machine 3,Riveting Machine,,0.8999999999999999,0.8188435767720526
T3,,,Riveting Machine,Assembly Machine 3,Laser Cutter,,0.8999999999999999,0.8188435767720526
T3,,,Large Capacity Cutting Machine 2,Low Capacity Cutting Machine 1,Laser Cutter,,0.8928571428571428,0.8059038322557707
T3,,,Large Capacity Cutting Machine 2,Low Capacity Cutting Machine 1,Riveting Machine,,0.8928571428571428,0.8059038322557707
T3,,,Large Capacity Cutting Machine 2,Laser Cutter,Riveting Machine,,0.8928571428571428,0.8059038322557707
T3,,,Large Capacity Cutting Machine 2,Riveting Machine,Laser Cutter,,0.8928571428571428,0.8059038322557707
T3,,,Testing Machine 2,Riveting Machine,Low Capacity Cutting Machine 1,,0.8928571428571428,0.8059038322557707
T3,,,Laser Welding Machine 2,Riveting Machine,Low Capacity Cutting Machine 1,,0.8928571428571428,0.8059038322557707
T3,,,Laser Welding Machine 2,Low Capacity Cutting Machine 1,Laser Cutter,,0.8928571428571428,0.8059038322557707
T3,,,Laser Welding Machine 2,Riveting Machine,Laser Cutter,,0.8928571428571428,0.8059038322557707
T3,,,Laser Welding Machine 2,Laser Cutter,Riveting Machine,,0.8928571428571428,0.8059038322557707
T3,,,Laser Welding Machine 2,Laser Cutter,Low Capacity Cutting Machine 1,,0.8928571428571428,0.8059038322557707
T3,,,Assembly Machine 3,Low Capacity Cutting Machine 1,Laser Cutter,,0.8928571428571428,0.8059038322557707
T3,,,Laser Welding Machine 2,Low Capacity Cutting Machine 1,Riveting Machine,,0.8928571428571428,0.8059038322557707
T3,,,Testing Machine 2,Laser Cutter,Riveting Machine,,0.8928571428571428,0.8059038322557707
T3,,,Assembly Machine 3,Riveting Machine,Low Capacity Cutting Machine 1,,0.8928571428571428,0.8059038322557707
T3,,,Testing Machine 2,Low Capacity Cutting Machine 1,Laser Cutter,,0.8928571428571428,0.8059038322557707
T3,,,Testing Machine 2,Low Capacity Cutting Machine 1,Riveting Machine,,0.8928571428571428,0.8059038322557707
T3,,,Large Capacity Cutting Machine 2,Riveting Machine,Low Capacity Cutting Machine 1,,0.8928571428571428,0.8059038322557707
T3,,,Large Capacity Cutting Machine 2,Laser Cutter,Low Capacity Cutting Machine 1,,0.8928571428571428,0.8059038322557707
T3,,,Assembly Machine 3,Laser Cutter,Riveting Machine,,0.8928571428571428,0.8059038322557707
T3,,,Testing Machine 2,Riveting Machine,Laser Cutter,,0.8928571428571428,0.8059038322557707
T3,,,Assembly Machine 3,Low Capacity Cutting Machine 1,Riveting Machine,,0.8928571428571428,0.8059038322557707
T3,,,Assembly Machine 3,Laser Cutter,Low Capacity Cutting Machine 1,,0.8928571428571428,0.8059038322557707
T3,,,Assembly Machine 3,Riveting Machine,Laser Cutter,,0.8928571428571428,0.8059038322557707
T3,,,Testing Machine 2,Laser Cutter,Low Capacity Cutting Machine 1,,0.8928571428571428,0.8059038322557707
T3,,,Low Capacity Cutting Machine 1,Laser Cutter,Testing Machine 2,,0.8846153846153846,0.7909733578139069
T3,,,Low Capacity Cutting Machine 1,Riveting Machine,Assembly Machine 3,,0.8846153846153846,0.7909733578139069
T3,,,Riveting Machine,Low Capacity Cutting Machine 1,Assembly Machine 3,,0.8846153846153846,0.7909733578139069
T3,,,Laser Cutter,Riveting Machine,Large Capacity Cutting Machine 2,,0.8846153846153846,0.7909733578139069
T3,,,Laser Cutter,Riveting Machine,Testing Machine 2,,0.8846153846153846,0.7909733578139069
T3,,,Laser Cutter,Low Capacity Cutting Machine 1,Assembly Machine 3,,0.8846153846153846,0.7909733578139069
T3,,,Laser Cutter,Riveting Machine,Assembly Machine 3,,0.8846153846153846,0.7909733578139069
T3,,,Riveting Machine,Laser Cutter,Assembly Machine 3,,0.8846153846153846,0.7909733578139069
T3,,,Riveting Machine,Laser Cutter,Large Capacity Cutting Machine 2,,0.8846153846153846,0.7909733578139069
T3,,,Laser Cutter,Low Capacity Cutting Machine 1,Testing Machine 2,,0.8846153846153846,0.7909733578139069
T3,,,Riveting Machine,Laser Cutter,Testing Machine 2,,0.8846153846153846,0.7909733578139069
T3,,,Laser Cutter,Low Capacity Cutting Machine 1,Large Capacity Cutting Machine 2,,0.8846153846153846,0.7909733578139069
T3,,,Riveting Machine,Low Capacity Cutting Machine 1,Large Capacity Cutting Machine 2,,0.8846153846153846,0.7909733578139069
T3,,,Low Capacity Cutting Machine 1,Riveting Machine,Large Capacity Cutting Machine 2,,0.8846153846153846,0.7909733578139069
T3,,,Low Capacity Cutting Machine 1,Riveting Machine,Testing Machine 2,,0.8846153846153846,0.7909733578139069
T3,,,Low Capacity Cutting Machine 1,Laser Cutter,Assembly Machine 3,,0.8846153846153846,0.7909733578139069
T3,,,Low Capacity Cutting Machine 1,Laser Cutter,Large Capacity Cutting Machine 2,,0.8846153846153846,0.7909733578139069
T3,,,Riveting Machine,Low Capacity Cutting Machine 1,Testing Machine 2,,0.8846153846153846,0.7909733578139069
T3,,,Assembly Machine 3,Large Capacity Cutting Machine 2,Low Capacity Cutting Machine 1,,0.8428571428571429,0.715325620641797
T3,,,Assembly Machine 3,Large Capacity Cutting Machine 2,Laser Cutter,,0.8428571428571429,0.715325620641797
T3,,,Laser Welding Machine 2,Assembly Machine 3,Laser Cutter,,0.8428571428571429,0.715325620641797
T3,,,Laser Welding Machine 2,Assembly Machine 3,Riveting Machine,,0.8428571428571429,0.715325620641797
T3,,,Laser Welding Machine 2,Assembly Machine 3,Low Capacity Cutting Machine 1,,0.8428571428571429,0.715325620641797
T3,,,Laser Welding Machine 2,Large Capacity Cutting Machine 2,Low Capacity Cutting Machine 1,,0.8428571428571429,0.715325620641797
T3,,,Laser Welding Machine 2,Large Capacity Cutting Machine 2,Riveting Machine,,0.8428571428571429,0.715325620641797
T3,,,Laser Welding Machine 2,Large Capacity Cutting Machine 2,Laser Cutter,,0.8428571428571429,0.715325620641797
T3,,,Testing Machine 2,Large Capacity Cutting Machine 2,Laser Cutter,,0.8428571428571429,0.715325620641797
T3,,,Large Capacity Cutting Machine 2,Assembly Machine 3,Low Capacity Cutting Machine 1,,0.8428571428571429,0.715325620641797
T3,,,Testing Machine 2,Assembly Machine 3,Riveting Machine,,0.8428571428571429,0.715325620641797
T3,,,Testing Machine 2,Large Capacity Cutting Machine 2,Riveting Machine,,0.8428571428571429,0.715325620641797
T3,,,Large Capacity Cutting Machine 2,Assembly Machine 3,Riveting Machine,,0.8428571428571429,0.715325620641797
T3,,,Large Capacity Cutting Machine 2,Assembly Machine 3,Laser Cutter,,0.8428571428571429,0.715325620641797
T3,,,Testing Machine 2,Large Capacity Cutting Machine 2,Low Capacity Cutting Machine 1,,0.8428571428571429,0.715325620641797
T3,,,Assembly Machine 3,Large Capacity Cutting Machine 2,Riveting Machine,,0.8428571428571429,0.715325620641797
T3,,,Testing Machine 2,Assembly Machine 3,Laser Cutter,,0.8428571428571429,0.715325620641797
T3,,,Testing Machine 2,Assembly Machine 3,Low Capacity Cutting Machine 1,,0.8428571428571429,0.715325620641797
T3,,,Laser Cutter,Assembly Machine 3,Testing Machine 2,,0.8346153846153845,0.7003951461999331
T3,,,Laser Cutter,Assembly Machine 3,Large Capacity Cutting Machine 2,,0.8346153846153845,0.7003951461999331
T3,,,Low Capacity Cutting Machine 1,Assembly Machine 3,Testing Machine 2,,0.8346153846153845,0.7003951461999331
T3,,,Riveting Machine,Assembly Machine 3,Large Capacity Cutting Machine 2,,0.8346153846153845,0.7003951461999331
T3,,,Riveting Machine,Large Capacity Cutting Machine 2,Testing Machine 2,,0.8346153846153845,0.7003951461999331
T3,,,Low Capacity Cutting Machine 1,Assembly Machine 3,Large Capacity Cutting Machine 2,,0.8346153846153845,0.7003951461999331
T3,,,Laser Cutter,Large Capacity Cutting Machine 2,Testing Machine 2,,0.8346153846153845,0.7003951461999331
T3,,,Laser Cutter,Large Capacity Cutting Machine 2,Assembly Machine 3,,0.8346153846153845,0.7003951461999331
T3,,,Riveting Machine,Assembly Machine 3,Testing Machine 2,,0.8346153846153845,0.7003951461999331
T3,,,Riveting Machine,Large Capacity Cutting Machine 2,Assembly Machine 3,,0.8346153846153845,0.7003951461999331
T3,,,Low Capacity Cutting Machine 1,Large Capacity Cutting Machine 2,Assembly Machine 3,,0.8346153846153845,0.7003951461999331
T3,,,Low Capacity Cutting Machine 1,Large Capacity Cutting Machine 2,Testing Machine 2,,0.8346153846153845,0.7003951461999331
T3,,,Low Capacity Cutting Machine 1,Testing Machine 3,Laser Cutter,,0.8333333333333335,0.6980726279534214
T3,,,Low Capacity Cutting Machine 1,Testing Machine 3,Riveting Machine,,0.8333333333333335,0.6980726279534214
T3,,,Riveting Machine,Testing Machine 3,Laser Cutter,,0.8333333333333335,0.6980726279534214
T3,,,Riveting Machine,Testing Machine 3,Low Capacity Cutting Machine 1,,0.8333333333333335,0.6980726279534214
T3,,,Laser Cutter,Testing Machine 3,Riveting Machine,,0.8333333333333335,0.6980726279534214
T3,,,Laser Cutter,Testing Machine 3,Low Capacity Cutting Machine 1,,0.8333333333333335,0.6980726279534214
T3,,,Laser Welding Machine 2,Low Capacity Cutting Machine 1,Testing Machine 2,,0.831043956043956,0.6939252739417922
T3,,,Laser Welding Machine 2,Riveting Machine,Assembly Machine 3,,0.831043956043956,0.6939252739417922
T3,,,Laser Welding Machine 2,Laser Cutter,Assembly Machine 3,,0.831043956043956,0.6939252739417922
T3,,,Laser Welding Machine 2,Laser Cutter,Testing Machine 2,,0.831043956043956,0.6939252739417922
T3,,,Laser Welding Machine 2,Low Capacity Cutting Machine 1,Assembly Machine 3,,0.831043956043956,0.6939252739417922
T3,,,Assembly Machine 3,Low Capacity Cutting Machine 1,Testing Machine 2,,0.831043956043956,0.6939252739417922
T3,,,Laser Welding Machine 2,Riveting Machine,Large Capacity Cutting Machine 2,,0.831043956043956,0.6939252739417922
T3,,,Laser Welding Machine 2,Riveting Machine,Testing Machine 2,,0.831043956043956,0.6939252739417922
T3,,,Laser Welding Machine 2,Low Capacity Cutting Machine 1,Large Capacity Cutting Machine 2,,0.831043956043956,0.6939252739417922
T3,,,Laser Welding Machine 2,Laser Cutter,Large Capacity Cutting Machine 2,,0.831043956043956,0.6939252739417922
T3,,,Testing Machine 2,Laser Cutter,Assembly Machine 3,,0.831043956043956,0.6939252739417922
T3,,,Testing Machine 2,Laser Cutter,Large Capacity Cutting Machine 2,,0.831043956043956,0.6939252739417922
T3,,,Testing Machine 2,Riveting Machine,Large Capacity Cutting Machine 2,,0.831043956043956,0.6939252739417922
T3,,,Testing Machine 2,Riveting Machine,Assembly Machine 3,,0.831043956043956,0.6939252739417922
T3,,,Large Capacity Cutting Machine 2,Riveting Machine,Testing Machine 2,,0.831043956043956,0.6939252739417922
T3,,,Assembly Machine 3,Laser Cutter,Testing Machine 2,,0.831043956043956,0.6939252739417922
T3,,,Assembly Machine 3,Laser Cutter,Large Capacity Cutting Machine 2,,0.831043956043956,0.6939252739417922
T3,,,Assembly Machine 3,Riveting Machine,Testing Machine 2,,0.831043956043956,0.6939252739417922
T3,,,Large Capacity Cutting Machine 2,Laser Cutter,Assembly Machine 3,,0.831043956043956,0.6939252739417922
T3,,,Large Capacity Cutting Machine 2,Low Capacity Cutting Machine 1,Testing Machine 2,,0.831043956043956,0.6939252739417922
T3,,,Assembly Machine 3,Low Capacity Cutting Machine 1,Large Capacity Cutting Machine 2,,0.831043956043956,0.6939252739417922
T3,,,Large Capacity Cutting Machine 2,Low Capacity Cutting Machine 1,Assembly Machine 3,,0.831043956043956,0.6939252739417922
T3,,,Large Capacity Cutting Machine 2,Riveting Machine,Assembly Machine 3,,0.831043956043956,0.6939252739417922
T3,,,Assembly Machine 3,Riveting Machine,Large Capacity Cutting Machine 2,,0.831043956043956,0.6939252739417922
T3,,,Large Capacity Cutting Machine 2,Laser Cutter,Testing Machine 2,,0.831043956043956,0.6939252739417922
T3,,,Testing Machine 2,Low Capacity Cutting Machine 1,Large Capacity Cutting Machine 2,,0.831043956043956,0.6939252739417922
T3,,,Testing Machine 2,Low Capacity Cutting Machine 1,Assembly Machine 3,,0.831043956043956,0.6939252739417922
T3,,,Laser Cutter,Laser Welding Machine 1,Low Capacity Cutting Machine 1,,0.8,0.6376871535441054
T3,,,Low Capacity Cutting Machine 1,Laser Welding Machine 1,Riveting Machine,,0.8,0.6376871535441054
T3,,,Low Capacity Cutting Machine 1,Laser Welding Machine 1,Laser Cutter,,0.8,0.6376871535441054
T3,,,Laser Cutter,Laser Welding Machine 1,Riveting Machine,,0.8,0.6376871535441054
T3,,,Riveting Machine,Laser Welding Machine 1,Low Capacity Cutting Machine 1,,0.8,0.6376871535441054
T3,,,Riveting Machine,Laser Welding Machine 1,Laser Cutter,,0.8,0.6376871535441054
T3,,,Laser Welding Machine 2,Large Capacity Cutting Machine 2,Assembly Machine 3,,0.781043956043956,0.6033470623278185
T3,,,Laser Welding Machine 2,Assembly Machine 3,Testing Machine 2,,0.781043956043956,0.6033470623278185
T3,,,Assembly Machine 3,Large Capacity Cutting Machine 2,Testing Machine 2,,0.781043956043956,0.6033470623278185
T3,,,Large Capacity Cutting Machine 2,Assembly Machine 3,Testing Machine 2,,0.781043956043956,0.6033470623278185
T3,,,Laser Welding Machine 2,Assembly Machine 3,Large Capacity Cutting Machine 2,,0.781043956043956,0.6033470623278185
T3,,,Testing Machine 2,Assembly Machine 3,Large Capacity Cutting Machine 2,,0.781043956043956,0.6033470623278185
T3,,,Testing Machine 2,Large Capacity Cutting Machine 2,Assembly Machine 3,,0.781043956043956,0.6033470623278185
T3,,,Laser Welding Machine 2,Large Capacity Cutting Machine 2,Testing Machine 2,,0.781043956043956,0.6033470623278185
T3,,,Assembly Machine 3,Testing Machine 3,Laser Cutter,,0.7797619047619049,0.6010245440813067
T3,,,Large Capacity Cutting Machine 2,Testing Machine 3,Laser Cutter,,0.7797619047619049,0.6010245440813067
T3,,,Large Capacity Cutting Machine 2,Testing Machine 3,Low Capacity Cutting Machine 1,,0.7797619047619049,0.6010245440813067
T3,,,Assembly Machine 3,Testing Machine 3,Riveting Machine,,0.7797619047619049,0.6010245440813067
T3,,,Assembly Machine 3,Testing Machine 3,Low Capacity Cutting Machine 1,,0.7797619047619049,0.6010245440813067
T3,,,Large Capacity Cutting Machine 2,Testing Machine 3,Riveting Machine,,0.7797619047619049,0.6010245440813067
T3,,,Laser Welding Machine 2,Testing Machine 3,Low Capacity Cutting Machine 1,,0.7797619047619049,0.6010245440813067
T3,,,Laser Welding Machine 2,Testing Machine 3,Riveting Machine,,0.7797619047619049,0.6010245440813067
T3,,,Laser Welding Machine 2,Testing Machine 3,Laser Cutter,,0.7797619047619049,0.6010245440813067
T3,,,Low Capacity Cutting Machine 1,Testing Machine 3,Assembly Machine 3,,0.7756410256410258,0.5935593068603748
T3,,,Low Capacity Cutting Machine 1,Testing Machine 3,Large Capacity Cutting Machine 2,,0.7756410256410258,0.5935593068603748
T3,,,Riveting Machine,Testing Machine 3,Large Capacity Cutting Machine 2,,0.7756410256410258,0.5935593068603748
T3,,,Riveting Machine,Testing Machine 3,Assembly Machine 3,,0.7756410256410258,0.5935593068603748
T3,,,Laser Cutter,Testing Machine 3,Assembly Machine 3,,0.7756410256410258,0.5935593068603748
T3,,,Laser Cutter,Testing Machine 3,Large Capacity Cutting Machine 2,,0.7756410256410258,0.5935593068603748
T3,,,Laser Cutter,Riveting Machine,Medium Capacity Cutting Machine 2,,0.7692307692307692,0.5819467156278137
T3,,,Riveting Machine,Low Capacity Cutting Machine 1,Medium Capacity Cutting Machine 2,,0.7692307692307692,0.5819467156278137
T3,,,Riveting Machine,Laser Cutter,Medium Capacity Cutting Machine 2,,0.7692307692307692,0.5819467156278137
T3,,,Laser Cutter,Low Capacity Cutting Machine 1,Medium Capacity Cutting Machine 2,,0.7692307692307692,0.5819467156278137
T3,,,Low Capacity Cutting Machine 1,Laser Cutter,Medium Capacity Cutting Machine 2,,0.7692307692307692,0.5819467156278137
T3,,,Low Capacity Cutting Machine 1,Riveting Machine,Medium Capacity Cutting Machine 2,,0.7692307692307692,0.5819467156278137
T3,,,Laser Cutter,Medium Capacity Cutting Machine 2,Riveting Machine,,0.7666666666666666,0.5773016791347895
T3,,,Laser Cutter,Medium Capacity Cutting Machine 2,Low Capacity Cutting Machine 1,,0.7666666666666666,0.5773016791347895
T3,,,Riveting Machine,Medium Capacity Cutting Machine 2,Laser Cutter,,0.7666666666666666,0.5773016791347895
T3,,,Riveting Machine,Medium Capacity Cutting Machine 2,Low Capacity Cutting Machine 1,,0.7666666666666666,0.5773016791347895
T3,,,Low Capacity Cutting Machine 1,Medium Capacity Cutting Machine 2,Riveting Machine,,0.7666666666666666,0.5773016791347895
T3,,,Low Capacity Cutting Machine 1,Medium Capacity Cutting Machine 2,Laser Cutter,,0.7666666666666666,0.5773016791347895
T3,,,Medium Capacity Cutting Machine 3,Low Capacity Cutting Machine 1,Riveting Machine,,0.75,0.5471089419301316
T3,,,Medium Capacity Cutting Machine 3,Riveting Machine,Low Capacity Cutting Machine 1,,0.75,0.5471089419301316
T3,,,Medium Capacity Cutting Machine 3,Laser Cutter,Low Capacity Cutting Machine 1,,0.75,0.5471089419301316
T3,,,Medium Capacity Cutting Machine 3,Low Capacity Cutting Machine 1,Laser Cutter,,0.75,0.5471089419301316
T3,,,Medium Capacity Cutting Machine 3,Laser Cutter,Riveting Machine,,0.75,0.5471089419301316
T3,,,Medium Capacity Cutting Machine 3,Riveting Machine,Laser Cutter,,0.75,0.5471089419301316
T3,,,Testing Machine 2,Laser Welding Machine 1,Low Capacity Cutting Machine 1,,0.7464285714285714,0.5406390696719907
T3,,,Testing Machine 2,Laser Welding Machine 1,Riveting Machine,,0.7464285714285714,0.5406390696719907
T3,,,Testing Machine 2,Laser Welding Machine 1,Laser Cutter,,0.7464285714285714,0.5406390696719907
T3,,,Large Capacity Cutting Machine 2,Laser Welding Machine 1,Riveting Machine,,0.7464285714285714,0.5406390696719907
T3,,,Large Capacity Cutting Machine 2,Laser Welding Machine 1,Low Capacity Cutting Machine 1,,0.7464285714285714,0.5406390696719907
T3,,,Large Capacity Cutting Machine 2,Laser Welding Machine 1,Laser Cutter,,0.7464285714285714,0.5406390696719907
T3,,,Assembly Machine 3,Laser Welding Machine 1,Riveting Machine,,0.7464285714285714,0.5406390696719907
T3,,,Assembly Machine 3,Laser Welding Machine 1,Low Capacity Cutting Machine 1,,0.7464285714285714,0.5406390696719907
T3,,,Assembly Machine 3,Laser Welding Machine 1,Laser Cutter,,0.7464285714285714,0.5406390696719907
T3,,,Low Capacity Cutting Machine 1,Laser Welding Machine 1,Large Capacity Cutting Machine 2,,0.7423076923076923,0.5331738324510588
T3,,,Riveting Machine,Laser Welding Machine 1,Testing Machine 2,,0.7423076923076923,0.5331738324510588
T3,,,Laser Cutter,Laser Welding Machine 1,Large Capacity Cutting Machine 2,,0.7423076923076923,0.5331738324510588
T3,,,Laser Cutter,Laser Welding Machine 1,Assembly Machine 3,,0.7423076923076923,0.5331738324510588
T3,,,Riveting Machine,Laser Welding Machine 1,Large Capacity Cutting Machine 2,,0.7423076923076923,0.5331738324510588
T3,,,Riveting Machine,Laser Welding Machine 1,Assembly Machine 3,,0.7423076923076923,0.5331738324510588
T3,,,Low Capacity Cutting Machine 1,Laser Welding Machine 1,Assembly Machine 3,,0.7423076923076923,0.5331738324510588
T3,,,Low Capacity Cutting Machine 1,Laser Welding Machine 1,Testing Machine 2,,0.7423076923076923,0.5331738324510588
T3,,,Laser Cutter,Laser Welding Machine 1,Testing Machine 2,,0.7423076923076923,0.5331738324510588
T3,,,Laser Cutter,Testing Machine 2,Riveting Machine,,0.7333333333333334,0.5169162047254738
T3,,,Riveting Machine,Testing Machine 2,Low Capacity Cutting Machine 1,,0.7333333333333334,0.5169162047254738
T3,,,Laser Cutter,Testing Machine 2,Low Capacity Cutting Machine 1,,0.7333333333333334,0.5169162047254738
T3,,,Low Capacity Cutting Machine 1,Testing Machine 2,Laser Cutter,,0.7333333333333334,0.5169162047254738
T3,,,Low Capacity Cutting Machine 1,Testing Machine 2,Riveting Machine,,0.7333333333333334,0.5169162047254738
T3,,,Riveting Machine,Testing Machine 2,Laser Cutter,,0.7333333333333334,0.5169162047254738
T3,,,Low Capacity Cutting Machine 1,Laser Cutter,Laser Welding Machine 2,,0.7307692307692308,0.5122711682324496
T3,,,Low Capacity Cutting Machine 1,Riveting Machine,Laser Welding Machine 2,,0.7307692307692308,0.5122711682324496
T3,,,Laser Cutter,Riveting Machine,Laser Welding Machine 2,,0.7307692307692308,0.5122711682324496
T3,,,Riveting Machine,Low Capacity Cutting Machine 1,Laser Welding Machine 2,,0.7307692307692308,0.5122711682324496
T3,,,Riveting Machine,Laser Cutter,Laser Welding Machine 2,,0.7307692307692308,0.5122711682324496
T3,,,Laser Cutter,Low Capacity Cutting Machine 1,Laser Welding Machine 2,,0.7307692307692308,0.5122711682324496
T3,,,Large Capacity Cutting Machine 2,Testing Machine 3,Assembly Machine 3,,0.7220695970695972,0.49651122298826
T3,,,Assembly Machine 3,Testing Machine 3,Large Capacity Cutting Machine 2,,0.7220695970695972,0.49651122298826
T3,,,Laser Welding Machine 2,Testing Machine 3,Assembly Machine 3,,0.7220695970695972,0.49651122298826
T3,,,Laser Welding Machine 2,Testing Machine 3,Large Capacity Cutting Machine 2,,0.7220695970695972,0.49651122298826
T3,,,Low Capacity Cutting Machine 1,Assembly Machine 3,Medium Capacity Cutting Machine 2,,0.7192307692307692,0.4913685040138401
T3,,,Riveting Machine,Assembly Machine 3,Medium Capacity Cutting Machine 2,,0.7192307692307692,0.4913685040138401
T3,,,Riveting Machine,Large Capacity Cutting Machine 2,Medium Capacity Cutting Machine 2,,0.7192307692307692,0.4913685040138401
T3,,,Laser Cutter,Large Capacity Cutting Machine 2,Medium Capacity Cutting Machine 2,,0.7192307692307692,0.4913685040138401
T3,,,Laser Cutter,Assembly Machine 3,Medium Capacity Cutting Machine 2,,0.7192307692307692,0.4913685040138401
T3,,,Low Capacity Cutting Machine 1,Large Capacity Cutting Machine 2,Medium Capacity Cutting Machine 2,,0.7192307692307692,0.4913685040138401
T3,,,Assembly Machine 3,Low Capacity Cutting Machine 1,Medium Capacity Cutting Machine 2,,0.7156593406593406,0.484898631755699
T3,,,Large Capacity Cutting Machine 2,Riveting Machine,Medium Capacity Cutting Machine 2,,0.7156593406593406,0.484898631755699
T3,,,Assembly Machine 3,Laser Cutter,Medium Capacity Cutting Machine 2,,0.7156593406593406,0.484898631755699
T3,,,Laser Welding Machine 2,Low Capacity Cutting Machine 1,Medium Capacity Cutting Machine 2,,0.7156593406593406,0.484898631755699
T3,,,Testing Machine 2,Laser Cutter,Medium Capacity Cutting Machine 2,,0.7156593406593406,0.484898631755699
T3,,,Assembly Machine 3,Riveting Machine,Medium Capacity Cutting Machine 2,,0.7156593406593406,0.484898631755699
T3,,,Testing Machine 2,Low Capacity Cutting Machine 1,Medium Capacity Cutting Machine 2,,0.7156593406593406,0.484898631755699
T3,,,Large Capacity Cutting Machine 2,Laser Cutter,Medium Capacity Cutting Machine 2,,0.7156593406593406,0.484898631755699
T3,,,Laser Welding Machine 2,Riveting Machine,Medium Capacity Cutting Machine 2,,0.7156593406593406,0.484898631755699
T3,,,Laser Welding Machine 2,Laser Cutter,Medium Capacity Cutting Machine 2,,0.7156593406593406,0.484898631755699
T3,,,Testing Machine 2,Riveting Machine,Medium Capacity Cutting Machine 2,,0.7156593406593406,0.484898631755699
T3,,,Large Capacity Cutting Machine 2,Low Capacity Cutting Machine 1,Medium Capacity Cutting Machine 2,,0.7156593406593406,0.484898631755699
T3,,,Testing Machine 1,Laser Cutter,Riveting Machine,,0.7142857142857144,0.4824102193487221
T3,,,Testing Machine 1,Riveting Machine,Low Capacity Cutting Machine 1,,0.7142857142857144,0.4824102193487221
T3,,,Testing Machine 1,Riveting Machine,Laser Cutter,,0.7142857142857144,0.4824102193487221
T3,,,Testing Machine 1,Laser Cutter,Low Capacity Cutting Machine 1,,0.7142857142857144,0.4824102193487221
T3,,,Testing Machine 1,Low Capacity Cutting Machine 1,Laser Cutter,,0.7142857142857144,0.4824102193487221
T3,,,Testing Machine 1,Low Capacity Cutting Machine 1,Riveting Machine,,0.7142857142857144,0.4824102193487221
T3,,,Testing Machine 2,Medium Capacity Cutting Machine 2,Riveting Machine,,0.713095238095238,0.4802535952626747
T3,,,Assembly Machine 3,Medium Capacity Cutting Machine 2,Laser Cutter,,0.713095238095238,0.4802535952626747
T3,,,Large Capacity Cutting Machine 2,Medium Capacity Cutting Machine 2,Riveting Machine,,0.713095238095238,0.4802535952626747
T3,,,Large Capacity Cutting Machine 2,Medium Capacity Cutting Machine 2,Low Capacity Cutting Machine 1,,0.713095238095238,0.4802535952626747
T3,,,Large Capacity Cutting Machine 2,Medium Capacity Cutting Machine 2,Laser Cutter,,0.713095238095238,0.4802535952626747
T3,,,Assembly Machine 3,Medium Capacity Cutting Machine 2,Riveting Machine,,0.713095238095238,0.4802535952626747
T3,,,Testing Machine 2,Medium Capacity Cutting Machine 2,Laser Cutter,,0.713095238095238,0.4802535952626747
T3,,,Laser Welding Machine 2,Medium Capacity Cutting Machine 2,Low Capacity Cutting Machine 1,,0.713095238095238,0.4802535952626747
T3,,,Laser Welding Machine 2,Medium Capacity Cutting Machine 2,Laser Cutter,,0.713095238095238,0.4802535952626747
T3,,,Testing Machine 2,Medium Capacity Cutting Machine 2,Low Capacity Cutting Machine 1,,0.713095238095238,0.4802535952626747
T3,,,Laser Welding Machine 2,Medium Capacity Cutting Machine 2,Riveting Machine,,0.713095238095238,0.4802535952626747
T3,,,Assembly Machine 3,Medium Capacity Cutting Machine 2,Low Capacity Cutting Machine 1,,0.713095238095238,0.4802535952626747
T3,,,Low Capacity Cutting Machine 1,Medium Capacity Cutting Machine 2,Testing Machine 2,,0.7089743589743589,0.4727883580417428
T3,,,Low Capacity Cutting Machine 1,Medium Capacity Cutting Machine 2,Large Capacity Cutting Machine 2,,0.7089743589743589,0.4727883580417428
T3,,,Riveting Machine,Medium Capacity Cutting Machine 2,Assembly Machine 3,,0.7089743589743589,0.4727883580417428
T3,,,Riveting Machine,Medium Capacity Cutting Machine 2,Large Capacity Cutting Machine 2,,0.7089743589743589,0.4727883580417428
T3,,,Low Capacity Cutting Machine 1,Medium Capacity Cutting Machine 2,Assembly Machine 3,,0.7089743589743589,0.4727883580417428
T3,,,Laser Cutter,Medium Capacity Cutting Machine 2,Assembly Machine 3,,0.7089743589743589,0.4727883580417428
T3,,,Laser Cutter,Medium Capacity Cutting Machine 2,Testing Machine 2,,0.7089743589743589,0.4727883580417428
T3,,,Riveting Machine,Medium Capacity Cutting Machine 2,Testing Machine 2,,0.7089743589743589,0.4727883580417428
T3,,,Laser Cutter,Medium Capacity Cutting Machine 2,Large Capacity Cutting Machine 2,,0.7089743589743589,0.4727883580417428
T3,,,Riveting Machine,Assembly Machine 2,Low Capacity Cutting Machine 1,,0.7,0.4565307303161579
T3,,,Laser Cutter,Assembly Machine 2,Riveting Machine,,0.7,0.4565307303161579
T3,,,Medium Capacity Cutting Machine 3,Assembly Machine 3,Laser Cutter,,0.7,0.4565307303161579
T3,,,Riveting Machine,Assembly Machine 2,Laser Cutter,,0.7,0.4565307303161579
T3,,,Medium Capacity Cutting Machine 3,Large Capacity Cutting Machine 2,Low Capacity Cutting Machine 1,,0.7,0.4565307303161579
T3,,,Medium Capacity Cutting Machine 3,Large Capacity Cutting Machine 2,Riveting Machine,,0.7,0.4565307303161579
T3,,,Medium Capacity Cutting Machine 3,Assembly Machine 3,Low Capacity Cutting Machine 1,,0.7,0.4565307303161579
T3,,,Laser Cutter,Assembly Machine 2,Low Capacity Cutting Machine 1,,0.7,0.4565307303161579
T3,,,Medium Capacity Cutting Machine 3,Large Capacity Cutting Machine 2,Laser Cutter,,0.7,0.4565307303161579
T3,,,Low Capacity Cutting Machine 1,Assembly Machine 2,Laser Cutter,,0.7,0.4565307303161579
T3,,,Low Capacity Cutting Machine 1,Assembly Machine 2,Riveting Machine,,0.7,0.4565307303161579
T3,,,Medium Capacity Cutting Machine 3,Assembly Machine 3,Riveting Machine,,0.7,0.4565307303161579
T3,,,Medium Capacity Cutting Machine 3,Laser Cutter,Assembly Machine 3,,0.6923076923076923,0.442595620837085
T3,,,Medium Capacity Cutting Machine 3,Riveting Machine,Large Capacity Cutting Machine 2,,0.6923076923076923,0.442595620837085
T3,,,Medium Capacity Cutting Machine 3,Low Capacity Cutting Machine 1,Testing Machine 2,,0.6923076923076923,0.442595620837085
T3,,,Medium Capacity Cutting Machine 3,Laser Cutter,Testing Machine 2,,0.6923076923076923,0.442595620837085
T3,,,Medium Capacity Cutting Machine 3,Riveting Machine,Assembly Machine 3,,0.6923076923076923,0.442595620837085
T3,,,Medium Capacity Cutting Machine 3,Laser Cutter,Large Capacity Cutting Machine 2,,0.6923076923076923,0.442595620837085
T3,,,Riveting Machine,Laser Cutter,Medium Capacity Cutting Machine 3,,0.6923076923076923,0.442595620837085
T3,,,Laser Cutter,Low Capacity Cutting Machine 1,Medium Capacity Cutting Machine 3,,0.6923076923076923,0.442595620837085
T3,,,Laser Cutter,Riveting Machine,Medium Capacity Cutting Machine 3,,0.6923076923076923,0.442595620837085
T3,,,Medium Capacity Cutting Machine 3,Riveting Machine,Testing Machine 2,,0.6923076923076923,0.442595620837085
T3,,,Low Capacity Cutting Machine 1,Riveting Machine,Medium Capacity Cutting Machine 3,,0.6923076923076923,0.442595620837085
T3,,,Riveting Machine,Low Capacity Cutting Machine 1,Medium Capacity Cutting Machine 3,,0.6923076923076923,0.442595620837085
T3,,,Low Capacity Cutting Machine 1,Laser Cutter,Medium Capacity Cutting Machine 3,,0.6923076923076923,0.442595620837085
T3,,,Medium Capacity Cutting Machine 3,Low Capacity Cutting Machine 1,Large Capacity Cutting Machine 2,,0.6923076923076923,0.442595620837085
T3,,,Medium Capacity Cutting Machine 3,Low Capacity Cutting Machine 1,Assembly Machine 3,,0.6923076923076923,0.442595620837085
T3,,,Assembly Machine 3,Laser Welding Machine 1,Testing Machine 2,,0.6887362637362637,0.4361257485789441
T3,,,Testing Machine 2,Laser Welding Machine 1,Large Capacity Cutting Machine 2,,0.6887362637362637,0.4361257485789441
T3,,,Testing Machine 2,Laser Welding Machine 1,Assembly Machine 3,,0.6887362637362637,0.4361257485789441
T3,,,Large Capacity Cutting Machine 2,Laser Welding Machine 1,Testing Machine 2,,0.6887362637362637,0.4361257485789441
T3,,,Assembly Machine 3,Laser Welding Machine 1,Large Capacity Cutting Machine 2,,0.6887362637362637,0.4361257485789441
T3,,,Large Capacity Cutting Machine 2,Laser Welding Machine 1,Assembly Machine 3,,0.6887362637362637,0.4361257485789441
T3,,,Low Capacity Cutting Machine 1,Testing Machine 3,Medium Capacity Cutting Machine 2,,0.6858974358974359,0.4309830296045243
T3,,,Laser Cutter,Testing Machine 3,Medium Capacity Cutting Machine 2,,0.6858974358974359,0.4309830296045243
T3,,,Riveting Machine,Testing Machine 3,Medium Capacity Cutting Machine 2,,0.6858974358974359,0.4309830296045243
T3,,,Laser Cutter,Assembly Machine 3,Laser Welding Machine 2,,0.6807692307692308,0.4216929566184758
T3,,,Laser Cutter,Large Capacity Cutting Machine 2,Laser Welding Machine 2,,0.6807692307692308,0.4216929566184758
T3,,,Low Capacity Cutting Machine 1,Large Capacity Cutting Machine 2,Laser Welding Machine 2,,0.6807692307692308,0.4216929566184758
T3,,,Riveting Machine,Assembly Machine 3,Laser Welding Machine 2,,0.6807692307692308,0.4216929566184758
T3,,,Riveting Machine,Large Capacity Cutting Machine 2,Laser Welding Machine 2,,0.6807692307692308,0.4216929566184758
T3,,,Low Capacity Cutting Machine 1,Assembly Machine 3,Laser Welding Machine 2,,0.6807692307692308,0.4216929566184758
T3,,,Laser Welding Machine 2,Testing Machine 2,Riveting Machine,,0.6797619047619048,0.4198681208533591
T3,,,Laser Welding Machine 2,Testing Machine 2,Laser Cutter,,0.6797619047619048,0.4198681208533591
T3,,,Large Capacity Cutting Machine 2,Testing Machine 2,Low Capacity Cutting Machine 1,,0.6797619047619048,0.4198681208533591
T3,,,Large Capacity Cutting Machine 2,Testing Machine 2,Riveting Machine,,0.6797619047619048,0.4198681208533591
T3,,,Large Capacity Cutting Machine 2,Testing Machine 2,Laser Cutter,,0.6797619047619048,0.4198681208533591
T3,,,Assembly Machine 3,Testing Machine 2,Riveting Machine,,0.6797619047619048,0.4198681208533591
T3,,,Assembly Machine 3,Testing Machine 2,Laser Cutter,,0.6797619047619048,0.4198681208533591
T3,,,Laser Welding Machine 2,Testing Machine 2,Low Capacity Cutting Machine 1,,0.6797619047619048,0.4198681208533591
T3,,,Assembly Machine 3,Testing Machine 2,Low Capacity Cutting Machine 1,,0.6797619047619048,0.4198681208533591
T3,,,Medium Capacity Cutting Machine 2,Riveting Machine,Laser Cutter,,0.6785714285714286,0.4177114967673121
T3,,,Medium Capacity Cutting Machine 2,Riveting Machine,Low Capacity Cutting Machine 1,,0.6785714285714286,0.4177114967673121
T3,,,Medium Capacity Cutting Machine 2,Laser Cutter,Low Capacity Cutting Machine 1,,0.6785714285714286,0.4177114967673121
T3,,,Medium Capacity Cutting Machine 2,Laser Cutter,Riveting Machine,,0.6785714285714286,0.4177114967673121
T3,,,Medium Capacity Cutting Machine 2,Low Capacity Cutting Machine 1,Laser Cutter,,0.6785714285714286,0.4177114967673121
T3,,,Medium Capacity Cutting Machine 2,Low Capacity Cutting Machine 1,Riveting Machine,,0.6785714285714286,0.4177114967673121
T3,,,Large Capacity Cutting Machine 2,Laser Cutter,Laser Welding Machine 2,,0.6771978021978022,0.4152230843603348
T3,,,Large Capacity Cutting Machine 2,Riveting Machine,Laser Welding Machine 2,,0.6771978021978022,0.4152230843603348
T3,,,Assembly Machine 3,Riveting Machine,Laser Welding Machine 2,,0.6771978021978022,0.4152230843603348
T3,,,Testing Machine 2,Riveting Machine,Laser Welding Machine 2,,0.6771978021978022,0.4152230843603348
T3,,,Testing Machine 2,Low Capacity Cutting Machine 1,Laser Welding Machine 2,,0.6771978021978022,0.4152230843603348
T3,,,Testing Machine 2,Laser Cutter,Laser Welding Machine 2,,0.6771978021978022,0.4152230843603348
T3,,,Assembly Machine 3,Laser Cutter,Laser Welding Machine 2,,0.6771978021978022,0.4152230843603348
T3,,,Assembly Machine 3,Low Capacity Cutting Machine 1,Laser Welding Machine 2,,0.6771978021978022,0.4152230843603348
T3,,,Large Capacity Cutting Machine 2,Low Capacity Cutting Machine 1,Laser Welding Machine 2,,0.6771978021978022,0.4152230843603348
T3,,,Laser Cutter,Testing Machine 2,Assembly Machine 3,,0.6756410256410257,0.4124028836324272
T3,,,Riveting Machine,Testing Machine 2,Assembly Machine 3,,0.6756410256410257,0.4124028836324272
T3,,,Laser Cutter,Testing Machine 2,Large Capacity Cutting Machine 2,,0.6756410256410257,0.4124028836324272
T3,,,Riveting Machine,Testing Machine 2,Large Capacity Cutting Machine 2,,0.6756410256410257,0.4124028836324272
T3,,,Low Capacity Cutting Machine 1,Testing Machine 2,Large Capacity Cutting Machine 2,,0.6756410256410257,0.4124028836324272
T3,,,Low Capacity Cutting Machine 1,Testing Machine 2,Assembly Machine 3,,0.6756410256410257,0.4124028836324272
T3,,,Laser Cutter,Laser Welding Machine 1,Medium Capacity Cutting Machine 2,,0.6692307692307692,0.4007902923998663
T3,,,Low Capacity Cutting Machine 1,Laser Welding Machine 1,Medium Capacity Cutting Machine 2,,0.6692307692307692,0.4007902923998663
T3,,,Riveting Machine,Laser Welding Machine 1,Medium Capacity Cutting Machine 2,,0.6692307692307692,0.4007902923998663
T3,,,Low Capacity Cutting Machine 1,Medium Capacity Cutting Machine 3,Riveting Machine,,0.6666666666666667,0.3961452559068423
T3,,,Laser Cutter,Medium Capacity Cutting Machine 3,Low Capacity Cutting Machine 1,,0.6666666666666667,0.3961452559068423
T3,,,Laser Cutter,Medium Capacity Cutting Machine 3,Riveting Machine,,0.6666666666666667,0.3961452559068423
T3,,,Medium Capacity Cutting Machine 3,Testing Machine 3,Riveting Machine,,0.6666666666666667,0.3961452559068423
T3,,,Riveting Machine,Medium Capacity Cutting Machine 3,Low Capacity Cutting Machine 1,,0.6666666666666667,0.3961452559068423
T3,,,Riveting Machine,Medium Capacity Cutting Machine 3,Laser Cutter,,0.6666666666666667,0.3961452559068423
T3,,,Medium Capacity Cutting Machine 3,Testing Machine 3,Laser Cutter,,0.6666666666666667,0.3961452559068423
T3,,,Medium Capacity Cutting Machine 3,Testing Machine 3,Low Capacity Cutting Machine 1,,0.6666666666666667,0.3961452559068423
T3,,,Low Capacity Cutting Machine 1,Medium Capacity Cutting Machine 3,Laser Cutter,,0.6666666666666667,0.3961452559068423
T3,,,Testing Machine 2,Assembly Machine 3,Medium Capacity Cutting Machine 2,,0.6656593406593406,0.3943204201417254
T3,,,Laser Welding Machine 2,Large Capacity Cutting Machine 2,Medium Capacity Cutting Machine 2,,0.6656593406593406,0.3943204201417254
T3,,,Laser Welding Machine 2,Assembly Machine 3,Medium Capacity Cutting Machine 2,,0.6656593406593406,0.3943204201417254
T3,,,Large Capacity Cutting Machine 2,Assembly Machine 3,Medium Capacity Cutting Machine 2,,0.6656593406593406,0.3943204201417254
T3,,,Testing Machine 2,Large Capacity Cutting Machine 2,Medium Capacity Cutting Machine 2,,0.6656593406593406,0.3943204201417254
T3,,,Assembly Machine 3,Large Capacity Cutting Machine 2,Medium Capacity Cutting Machine 2,,0.6656593406593406,0.3943204201417254
T3,,,Testing Machine 1,Assembly Machine 3,Riveting Machine,,0.6642857142857144,0.3918320077347483
T3,,,Testing Machine 1,Assembly Machine 3,Laser Cutter,,0.6642857142857144,0.3918320077347483
T3,,,Testing Machine 1,Large Capacity Cutting Machine 2,Low Capacity Cutting Machine 1,,0.6642857142857144,0.3918320077347483
T3,,,Testing Machine 1,Large Capacity Cutting Machine 2,Riveting Machine,,0.6642857142857144,0.3918320077347483
T3,,,Testing Machine 1,Assembly Machine 3,Low Capacity Cutting Machine 1,,0.6642857142857144,0.3918320077347483
T3,,,Testing Machine 1,Large Capacity Cutting Machine 2,Laser Cutter,,0.6642857142857144,0.3918320077347483
T3,,,Testing Machine 1,Low Capacity Cutting Machine 1,Assembly Machine 3,,0.6565934065934067,0.3778968982556754
T3,,,Testing Machine 1,Riveting Machine,Assembly Machine 3,,0.6565934065934067,0.3778968982556754
T3,,,Testing Machine 1,Low Capacity Cutting Machine 1,Large Capacity Cutting Machine 2,,0.6565934065934067,0.3778968982556754
T3,,,Testing Machine 1,Riveting Machine,Large Capacity Cutting Machine 2,,0.6565934065934067,0.3778968982556754
T3,,,Testing Machine 1,Laser Cutter,Large Capacity Cutting Machine 2,,0.6565934065934067,0.3778968982556754
T3,,,Testing Machine 1,Laser Cutter,Assembly Machine 3,,0.6565934065934067,0.3778968982556754
T3,,,Laser Welding Machine 2,Medium Capacity Cutting Machine 2,Assembly Machine 3,,0.6554029304029303,0.3757402741696281
T3,,,Testing Machine 2,Medium Capacity Cutting Machine 2,Large Capacity Cutting Machine 2,,0.6554029304029303,0.3757402741696281
T3,,,Laser Welding Machine 2,Medium Capacity Cutting Machine 2,Testing Machine 2,,0.6554029304029303,0.3757402741696281
T3,,,Laser Welding Machine 2,Medium Capacity Cutting Machine 2,Large Capacity Cutting Machine 2,,0.6554029304029303,0.3757402741696281
T3,,,Testing Machine 2,Medium Capacity Cutting Machine 2,Assembly Machine 3,,0.6554029304029303,0.3757402741696281
T3,,,Large Capacity Cutting Machine 2,Medium Capacity Cutting Machine 2,Testing Machine 2,,0.6554029304029303,0.3757402741696281
T3,,,Assembly Machine 3,Medium Capacity Cutting Machine 2,Large Capacity Cutting Machine 2,,0.6554029304029303,0.3757402741696281
T3,,,Assembly Machine 3,Medium Capacity Cutting Machine 2,Testing Machine 2,,0.6554029304029303,0.3757402741696281
T3,,,Large Capacity Cutting Machine 2,Medium Capacity Cutting Machine 2,Assembly Machine 3,,0.6554029304029303,0.3757402741696281
T3,,,Riveting Machine,Laser Cutter,Testing Machine 3,,0.6538461538461537,0.3729200734417205
T3,,,Laser Cutter,Low Capacity Cutting Machine 1,Testing Machine 3,,0.6538461538461537,0.3729200734417205
T3,,,Laser Cutter,Riveting Machine,Testing Machine 3,,0.6538461538461537,0.3729200734417205
T3,,,Low Capacity Cutting Machine 1,Laser Cutter,Testing Machine 3,,0.6538461538461537,0.3729200734417205
T3,,,Riveting Machine,Low Capacity Cutting Machine 1,Testing Machine 3,,0.6538461538461537,0.3729200734417205
T3,,,Low Capacity Cutting Machine 1,Riveting Machine,Testing Machine 3,,0.6538461538461537,0.3729200734417205
T3,,,Medium Capacity Cutting Machine 3,Laser Welding Machine 1,Laser Cutter,,0.65,0.3659525187021842
T3,,,Medium Capacity Cutting Machine 3,Laser Welding Machine 1,Riveting Machine,,0.65,0.3659525187021842
T3,,,Medium Capacity Cutting Machine 3,Laser Welding Machine 1,Low Capacity Cutting Machine 1,,0.65,0.3659525187021842
T3,,,Laser Cutter,Testing Machine 3,Laser Welding Machine 2,,0.6474358974358975,0.36130748220916
T3,,,Riveting Machine,Testing Machine 3,Laser Welding Machine 2,,0.6474358974358975,0.36130748220916
T3,,,Low Capacity Cutting Machine 1,Testing Machine 3,Laser Welding Machine 2,,0.6474358974358975,0.36130748220916
T3,,,Testing Machine 2,Assembly Machine 2,Laser Cutter,,0.6464285714285715,0.3594826464440433
T3,,,Testing Machine 2,Assembly Machine 2,Low Capacity Cutting Machine 1,,0.6464285714285715,0.3594826464440433
T3,,,Laser Welding Machine 2,Assembly Machine 2,Laser Cutter,,0.6464285714285715,0.3594826464440433
T3,,,Laser Welding Machine 2,Assembly Machine 2,Low Capacity Cutting Machine 1,,0.6464285714285715,0.3594826464440433
T3,,,Laser Welding Machine 2,Assembly Machine 2,Riveting Machine,,0.6464285714285715,0.3594826464440433
T3,,,Testing Machine 2,Assembly Machine 2,Riveting Machine,,0.6464285714285715,0.3594826464440433
T3,,,Large Capacity Cutting Machine 2,Assembly Machine 2,Riveting Machine,,0.6464285714285715,0.3594826464440433
T3,,,Large Capacity Cutting Machine 2,Assembly Machine 2,Laser Cutter,,0.6464285714285715,0.3594826464440433
T3,,,Large Capacity Cutting Machine 2,Assembly Machine 2,Low Capacity Cutting Machine 1,,0.6464285714285715,0.3594826464440433
T3,,,Large Capacity Cutting Machine 1,Low Capacity Cutting Machine 1,Laser Cutter,,0.6428571428571428,0.3530127741859021
T3,,,Laser Welding Machine 1,Laser Cutter,Low Capacity Cutting Machine 1,,0.6428571428571428,0.3530127741859021
T3,,,Laser Welding Machine 1,Low Capacity Cutting Machine 1,Riveting Machine,,0.6428571428571428,0.3530127741859021
T3,,,Large Capacity Cutting Machine 1,Riveting Machine,Low Capacity Cutting Machine 1,,0.6428571428571428,0.3530127741859021
T3,,,Large Capacity Cutting Machine 1,Low Capacity Cutting Machine 1,Riveting Machine,,0.6428571428571428,0.3530127741859021
T3,,,Large Capacity Cutting Machine 1,Laser Cutter,Riveting Machine,,0.6428571428571428,0.3530127741859021
T3,,,Large Capacity Cutting Machine 1,Laser Cutter,Low Capacity Cutting Machine 1,,0.6428571428571428,0.3530127741859021
T3,,,Large Capacity Cutting Machine 1,Riveting Machine,Laser Cutter,,0.6428571428571428,0.3530127741859021
T3,,,Laser Welding Machine 1,Riveting Machine,Low Capacity Cutting Machine 1,,0.6428571428571428,0.3530127741859021
T3,,,Laser Welding Machine 1,Low Capacity Cutting Machine 1,Laser Cutter,,0.6428571428571428,0.3530127741859021
T3,,,Laser Welding Machine 1,Laser Cutter,Riveting Machine,,0.6428571428571428,0.3530127741859021
T3,,,Laser Welding Machine 1,Riveting Machine,Laser Cutter,,0.6428571428571428,0.3530127741859021
T3,,,Low Capacity Cutting Machine 1,Assembly Machine 3,Medium Capacity Cutting Machine 3,,0.6423076923076924,0.3520174092231115
T3,,,Low Capacity Cutting Machine 1,Large Capacity Cutting Machine 2,Medium Capacity Cutting Machine 3,,0.6423076923076924,0.3520174092231115
T3,,,Laser Cutter,Large Capacity Cutting Machine 2,Medium Capacity Cutting Machine 3,,0.6423076923076924,0.3520174092231115
T3,,,Laser Cutter,Assembly Machine 3,Medium Capacity Cutting Machine 3,,0.6423076923076924,0.3520174092231115
T3,,,Riveting Machine,Large Capacity Cutting Machine 2,Medium Capacity Cutting Machine 3,,0.6423076923076924,0.3520174092231115
T3,,,Riveting Machine,Assembly Machine 3,Medium Capacity Cutting Machine 3,,0.6423076923076924,0.3520174092231115
T3,,,Medium Capacity Cutting Machine 3,Large Capacity Cutting Machine 2,Assembly Machine 3,,0.6423076923076922,0.3520174092231112
T3,,,Low Capacity Cutting Machine 1,Assembly Machine 2,Large Capacity Cutting Machine 2,,0.6423076923076922,0.3520174092231112
T3,,,Medium Capacity Cutting Machine 3,Assembly Machine 3,Testing Machine 2,,0.6423076923076922,0.3520174092231112
T3,,,Medium Capacity Cutting Machine 3,Assembly Machine 3,Large Capacity Cutting Machine 2,,0.6423076923076922,0.3520174092231112
T3,,,Riveting Machine,Assembly Machine 2,Large Capacity Cutting Machine 2,,0.6423076923076922,0.3520174092231112
T3,,,Riveting Machine,Assembly Machine 2,Testing Machine 2,,0.6423076923076922,0.3520174092231112
T3,,,Low Capacity Cutting Machine 1,Assembly Machine 2,Testing Machine 2,,0.6423076923076922,0.3520174092231112
T3,,,Medium Capacity Cutting Machine 3,Large Capacity Cutting Machine 2,Testing Machine 2,,0.6423076923076922,0.3520174092231112
T3,,,Laser Cutter,Assembly Machine 2,Large Capacity Cutting Machine 2,,0.6423076923076922,0.3520174092231112
T3,,,Laser Cutter,Assembly Machine 2,Testing Machine 2,,0.6423076923076922,0.3520174092231112
T3,,,Testing Machine 2,Laser Cutter,Medium Capacity Cutting Machine 3,,0.6387362637362637,0.3455475369649703
T3,,,Assembly Machine 3,Laser Cutter,Medium Capacity Cutting Machine 3,,0.6387362637362637,0.3455475369649703
T3,,,Laser Welding Machine 2,Riveting Machine,Medium Capacity Cutting Machine 3,,0.6387362637362637,0.3455475369649703
T3,,,Laser Welding Machine 2,Laser Cutter,Medium Capacity Cutting Machine 3,,0.6387362637362637,0.3455475369649703
T3,,,Testing Machine 2,Riveting Machine,Medium Capacity Cutting Machine 3,,0.6387362637362637,0.3455475369649703
T3,,,Assembly Machine 3,Riveting Machine,Medium Capacity Cutting Machine 3,,0.6387362637362637,0.3455475369649703
T3,,,Assembly Machine 3,Low Capacity Cutting Machine 1,Medium Capacity Cutting Machine 3,,0.6387362637362637,0.3455475369649703
T3,,,Laser Welding Machine 2,Low Capacity Cutting Machine 1,Medium Capacity Cutting Machine 3,,0.6387362637362637,0.3455475369649703
T3,,,Large Capacity Cutting Machine 2,Riveting Machine,Medium Capacity Cutting Machine 3,,0.6387362637362637,0.3455475369649703
T3,,,Large Capacity Cutting Machine 2,Low Capacity Cutting Machine 1,Medium Capacity Cutting Machine 3,,0.6387362637362637,0.3455475369649703
T3,,,Large Capacity Cutting Machine 2,Laser Cutter,Medium Capacity Cutting Machine 3,,0.6387362637362637,0.3455475369649703
T3,,,Testing Machine 2,Low Capacity Cutting Machine 1,Medium Capacity Cutting Machine 3,,0.6387362637362637,0.3455475369649703
T3,,,Laser Cutter,Laser Welding Machine 2,Low Capacity Cutting Machine 1,,0.6333333333333333,0.3357597814975263
T3,,,Riveting Machine,Laser Welding Machine 2,Laser Cutter,,0.6333333333333333,0.3357597814975263
T3,,,Riveting Machine,Laser Welding Machine 2,Low Capacity Cutting Machine 1,,0.6333333333333333,0.3357597814975263
T3,,,Laser Cutter,Laser Welding Machine 2,Riveting Machine,,0.6333333333333333,0.3357597814975263
T3,,,Low Capacity Cutting Machine 1,Laser Welding Machine 2,Riveting Machine,,0.6333333333333333,0.3357597814975263
T3,,,Low Capacity Cutting Machine 1,Laser Welding Machine 2,Laser Cutter,,0.6333333333333333,0.3357597814975263
T3,,,Assembly Machine 3,Testing Machine 3,Medium Capacity Cutting Machine 2,,0.6323260073260073,0.3339349457324096
T3,,,Laser Welding Machine 2,Testing Machine 3,Medium Capacity Cutting Machine 2,,0.6323260073260073,0.3339349457324096
T3,,,Large Capacity Cutting Machine 2,Testing Machine 3,Medium Capacity Cutting Machine 2,,0.6323260073260073,0.3339349457324096
T3,,,Medium Capacity Cutting Machine 2,Assembly Machine 3,Riveting Machine,,0.6285714285714286,0.3271332851533383
T3,,,Medium Capacity Cutting Machine 2,Large Capacity Cutting Machine 2,Low Capacity Cutting Machine 1,,0.6285714285714286,0.3271332851533383
T3,,,Medium Capacity Cutting Machine 2,Large Capacity Cutting Machine 2,Laser Cutter,,0.6285714285714286,0.3271332851533383
T3,,,Medium Capacity Cutting Machine 2,Large Capacity Cutting Machine 2,Riveting Machine,,0.6285714285714286,0.3271332851533383
T3,,,Medium Capacity Cutting Machine 2,Assembly Machine 3,Low Capacity Cutting Machine 1,,0.6285714285714286,0.3271332851533383
T3,,,Medium Capacity Cutting Machine 2,Assembly Machine 3,Laser Cutter,,0.6285714285714286,0.3271332851533383
T3,,,Large Capacity Cutting Machine 2,Assembly Machine 3,Laser Welding Machine 2,,0.6271978021978023,0.3246448727463613
T3,,,Testing Machine 2,Large Capacity Cutting Machine 2,Laser Welding Machine 2,,0.6271978021978023,0.3246448727463613
T3,,,Assembly Machine 3,Large Capacity Cutting Machine 2,Laser Welding Machine 2,,0.6271978021978023,0.3246448727463613
T3,,,Testing Machine 2,Assembly Machine 3,Laser Welding Machine 2,,0.6271978021978023,0.3246448727463613
T3,,,Large Capacity Cutting Machine 2,Testing Machine 2,Assembly Machine 3,,0.6220695970695971,0.3153547997603125
T3,,,Laser Welding Machine 2,Testing Machine 2,Assembly Machine 3,,0.6220695970695971,0.3153547997603125
T3,,,Laser Welding Machine 2,Testing Machine 2,Large Capacity Cutting Machine 2,,0.6220695970695971,0.3153547997603125
T3,,,Assembly Machine 3,Testing Machine 2,Large Capacity Cutting Machine 2,,0.6220695970695971,0.3153547997603125
T3,,,Medium Capacity Cutting Machine 2,Laser Cutter,Large Capacity Cutting Machine 2,,0.6208791208791209,0.3131981756742655
T3,,,Medium Capacity Cutting Machine 2,Laser Cutter,Testing Machine 2,,0.6208791208791209,0.3131981756742655
T3,,,Medium Capacity Cutting Machine 2,Riveting Machine,Assembly Machine 3,,0.6208791208791209,0.3131981756742655
T3,,,Medium Capacity Cutting Machine 2,Riveting Machine,Large Capacity Cutting Machine 2,,0.6208791208791209,0.3131981756742655
T3,,,Medium Capacity Cutting Machine 2,Riveting Machine,Testing Machine 2,,0.6208791208791209,0.3131981756742655
T3,,,Medium Capacity Cutting Machine 2,Low Capacity Cutting Machine 1,Testing Machine 2,,0.6208791208791209,0.3131981756742655
T3,,,Medium Capacity Cutting Machine 2,Low Capacity Cutting Machine 1,Assembly Machine 3,,0.6208791208791209,0.3131981756742655
T3,,,Medium Capacity Cutting Machine 2,Laser Cutter,Assembly Machine 3,,0.6208791208791209,0.3131981756742655
T3,,,Medium Capacity Cutting Machine 2,Low Capacity Cutting Machine 1,Large Capacity Cutting Machine 2,,0.6208791208791209,0.3131981756742655
T3,,,Low Capacity Cutting Machine 1,Testing Machine 2,Medium Capacity Cutting Machine 2,,0.617948717948718,0.3078895625393806
T3,,,Laser Cutter,Testing Machine 2,Medium Capacity Cutting Machine 2,,0.617948717948718,0.3078895625393806
T3,,,Riveting Machine,Testing Machine 2,Medium Capacity Cutting Machine 2,,0.617948717948718,0.3078895625393806
T3,,,Testing Machine 2,Laser Welding Machine 1,Medium Capacity Cutting Machine 2,,0.6156593406593406,0.3037422085277516
T3,,,Assembly Machine 3,Laser Welding Machine 1,Medium Capacity Cutting Machine 2,,0.6156593406593406,0.3037422085277516
T3,,,Large Capacity Cutting Machine 2,Laser Welding Machine 1,Medium Capacity Cutting Machine 2,,0.6156593406593406,0.3037422085277516
T3,,,Low Capacity Cutting Machine 1,Laser Cutter,Laser Welding Machine 1,,0.6153846153846154,0.3032445260463564
T3,,,Riveting Machine,Low Capacity Cutting Machine 1,Laser Welding Machine 1,,0.6153846153846154,0.3032445260463564
T3,,,Low Capacity Cutting Machine 1,Riveting Machine,Laser Welding Machine 1,,0.6153846153846154,0.3032445260463564
T3,,,Laser Cutter,Low Capacity Cutting Machine 1,Laser Welding Machine 1,,0.6153846153846154,0.3032445260463564
T3,,,Laser Cutter,Riveting Machine,Laser Welding Machine 1,,0.6153846153846154,0.3032445260463564
T3,,,Riveting Machine,Laser Cutter,Laser Welding Machine 1,,0.6153846153846154,0.3032445260463564
T3,,,Testing Machine 1,Laser Welding Machine 1,Low Capacity Cutting Machine 1,,0.6142857142857143,0.3012537961207745
T3,,,Testing Machine 1,Laser Welding Machine 1,Laser Cutter,,0.6142857142857143,0.3012537961207745
T3,,,Testing Machine 1,Laser Welding Machine 1,Riveting Machine,,0.6142857142857143,0.3012537961207745
T3,,,Low Capacity Cutting Machine 1,Medium Capacity Cutting Machine 2,Laser Welding Machine 2,,0.6141025641025641,0.3009220077998442
T3,,,Riveting Machine,Medium Capacity Cutting Machine 2,Laser Welding Machine 2,,0.6141025641025641,0.3009220077998442
T3,,,Laser Cutter,Medium Capacity Cutting Machine 2,Laser Welding Machine 2,,0.6141025641025641,0.3009220077998442
T3,,,Laser Welding Machine 2,Medium Capacity Cutting Machine 3,Laser Cutter,,0.6130952380952381,0.2990971720347275
T3,,,Testing Machine 2,Medium Capacity Cutting Machine 3,Riveting Machine,,0.6130952380952381,0.2990971720347275
T3,,,Testing Machine 2,Medium Capacity Cutting Machine 3,Laser Cutter,,0.6130952380952381,0.2990971720347275
T3,,,Testing Machine 2,Medium Capacity Cutting Machine 3,Low Capacity Cutting Machine 1,,0.6130952380952381,0.2990971720347275
T3,,,Large Capacity Cutting Machine 2,Medium Capacity Cutting Machine 3,Low Capacity Cutting Machine 1,,0.6130952380952381,0.2990971720347275
T3,,,Large Capacity Cutting Machine 2,Medium Capacity Cutting Machine 3,Laser Cutter,,0.6130952380952381,0.2990971720347275
T3,,,Laser Welding Machine 2,Medium Capacity Cutting Machine 3,Riveting Machine,,0.6130952380952381,0.2990971720347275
T3,,,Laser Welding Machine 2,Medium Capacity Cutting Machine 3,Low Capacity Cutting Machine 1,,0.6130952380952381,0.2990971720347275
T3,,,Large Capacity Cutting Machine 2,Medium Capacity Cutting Machine 3,Riveting Machine,,0.6130952380952381,0.2990971720347275
T3,,,Assembly Machine 3,Medium Capacity Cutting Machine 3,Low Capacity Cutting Machine 1,,0.6130952380952381,0.2990971720347275
T3,,,Assembly Machine 3,Medium Capacity Cutting Machine 3,Laser Cutter,,0.6130952380952381,0.2990971720347275
T3,,,Assembly Machine 3,Medium Capacity Cutting Machine 3,Riveting Machine,,0.6130952380952381,0.2990971720347275
T3,,,Low Capacity Cutting Machine 1,Medium Capacity Cutting Machine 3,Assembly Machine 3,,0.608974358974359,0.2916319348137957
T3,,,Low Capacity Cutting Machine 1,Medium Capacity Cutting Machine 3,Testing Machine 2,,0.608974358974359,0.2916319348137957
T3,,,Medium Capacity Cutting Machine 3,Testing Machine 3,Assembly Machine 3,,0.608974358974359,0.2916319348137957
T3,,,Low Capacity Cutting Machine 1,Medium Capacity Cutting Machine 3,Large Capacity Cutting Machine 2,,0.608974358974359,0.2916319348137957
T3,,,Medium Capacity Cutting Machine 3,Testing Machine 3,Large Capacity Cutting Machine 2,,0.608974358974359,0.2916319348137957
T3,,,Riveting Machine,Medium Capacity Cutting Machine 3,Large Capacity Cutting Machine 2,,0.608974358974359,0.2916319348137957
T3,,,Laser Cutter,Medium Capacity Cutting Machine 3,Assembly Machine 3,,0.608974358974359,0.2916319348137957
T3,,,Riveting Machine,Medium Capacity Cutting Machine 3,Testing Machine 2,,0.608974358974359,0.2916319348137957
T3,,,Riveting Machine,Medium Capacity Cutting Machine 3,Assembly Machine 3,,0.608974358974359,0.2916319348137957
T3,,,Laser Cutter,Medium Capacity Cutting Machine 3,Large Capacity Cutting Machine 2,,0.608974358974359,0.2916319348137957
T3,,,Laser Cutter,Medium Capacity Cutting Machine 3,Testing Machine 2,,0.608974358974359,0.2916319348137957
T3,,,Laser Cutter,Testing Machine 3,Medium Capacity Cutting Machine 3,,0.6089743589743589,0.2916319348137954
T3,,,Riveting Machine,Testing Machine 3,Medium Capacity Cutting Machine 3,,0.6089743589743589,0.2916319348137954
T3,,,Low Capacity Cutting Machine 1,Testing Machine 3,Medium Capacity Cutting Machine 3,,0.6089743589743589,0.2916319348137954
T3,,,Medium Capacity Cutting Machine 3,Testing Machine 2,Laser Cutter,,0.6083333333333334,0.2904706756905396
T3,,,Medium Capacity Cutting Machine 3,Testing Machine 2,Riveting Machine,,0.6083333333333334,0.2904706756905396
T3,,,Medium Capacity Cutting Machine 3,Testing Machine 2,Low Capacity Cutting Machine 1,,0.6083333333333334,0.2904706756905396
T3,,,Testing Machine 1,Assembly Machine 3,Large Capacity Cutting Machine 2,,0.6065934065934067,0.2873186866417017
T3,,,Testing Machine 1,Large Capacity Cutting Machine 2,Assembly Machine 3,,0.6065934065934067,0.2873186866417017
T3,,,Medium Capacity Cutting Machine 3,Laser Cutter,Laser Welding Machine 2,,0.6057692307692308,0.2858256391975153
T3,,,Medium Capacity Cutting Machine 3,Low Capacity Cutting Machine 1,Laser Welding Machine 2,,0.6057692307692308,0.2858256391975153
T3,,,Medium Capacity Cutting Machine 3,Riveting Machine,Laser Welding Machine 2,,0.6057692307692308,0.2858256391975153
T3,,,Riveting Machine,Large Capacity Cutting Machine 2,Testing Machine 3,,0.6038461538461539,0.2823418618277471
T3,,,Riveting Machine,Assembly Machine 3,Testing Machine 3,,0.6038461538461539,0.2823418618277471
T3,,,Laser Cutter,Large Capacity Cutting Machine 2,Testing Machine 3,,0.6038461538461539,0.2823418618277471
T3,,,Low Capacity Cutting Machine 1,Assembly Machine 3,Testing Machine 3,,0.6038461538461539,0.2823418618277471
T3,,,Low Capacity Cutting Machine 1,Large Capacity Cutting Machine 2,Testing Machine 3,,0.6038461538461539,0.2823418618277471
T3,,,Laser Cutter,Assembly Machine 3,Testing Machine 3,,0.6038461538461539,0.2823418618277471
T3,,,Large Capacity Cutting Machine 2,Riveting Machine,Testing Machine 3,,0.6002747252747251,0.2758719895696057
T3,,,Laser Welding Machine 2,Laser Cutter,Testing Machine 3,,0.6002747252747251,0.2758719895696057
T3,,,Assembly Machine 3,Riveting Machine,Testing Machine 3,,0.6002747252747251,0.2758719895696057
T3,,,Assembly Machine 3,Laser Cutter,Testing Machine 3,,0.6002747252747251,0.2758719895696057
T3,,,Assembly Machine 3,Low Capacity Cutting Machine 1,Testing Machine 3,,0.6002747252747251,0.2758719895696057
T3,,,Large Capacity Cutting Machine 2,Laser Cutter,Testing Machine 3,,0.6002747252747251,0.2758719895696057
T3,,,Large Capacity Cutting Machine 2,Low Capacity Cutting Machine 1,Testing Machine 3,,0.6002747252747251,0.2758719895696057
T3,,,Laser Welding Machine 2,Riveting Machine,Testing Machine 3,,0.6002747252747251,0.2758719895696057
T3,,,Laser Welding Machine 2,Low Capacity Cutting Machine 1,Testing Machine 3,,0.6002747252747251,0.2758719895696057
T3,,,Low Capacity Cutting Machine 1,Medium Capacity Cutting Machine 1,Laser Cutter,,0.6000000000000001,0.2753743070882107
T3,,,Low Capacity Cutting Machine 1,Medium Capacity Cutting Machine 1,Riveting Machine,,0.6000000000000001,0.2753743070882107
T3,,,Riveting Machine,Medium Capacity Cutting Machine 1,Laser Cutter,,0.6000000000000001,0.2753743070882107
T3,,,Laser Cutter,Medium Capacity Cutting Machine 1,Low Capacity Cutting Machine 1,,0.6000000000000001,0.2753743070882107
T3,,,Laser Cutter,Medium Capacity Cutting Machine 1,Riveting Machine,,0.6000000000000001,0.2753743070882107
T3,,,Riveting Machine,Medium Capacity Cutting Machine 1,Low Capacity Cutting Machine 1,,0.6000000000000001,0.2753743070882107
T3,,,Testing Machine 1,Laser Cutter,Medium Capacity Cutting Machine 2,,0.598901098901099,0.2733835771626289
T3,,,Testing Machine 1,Riveting Machine,Medium Capacity Cutting Machine 2,,0.598901098901099,0.2733835771626289
T3,,,Testing Machine 1,Low Capacity Cutting Machine 1,Medium Capacity Cutting Machine 2,,0.598901098901099,0.2733835771626289
T3,,,Testing Machine 1,Medium Capacity Cutting Machine 2,Laser Cutter,,0.5976190476190477,0.2710610589161167
T3,,,Testing Machine 1,Medium Capacity Cutting Machine 2,Riveting Machine,,0.5976190476190477,0.2710610589161167
T3,,,Testing Machine 1,Medium Capacity Cutting Machine 2,Low Capacity Cutting Machine 1,,0.5976190476190477,0.2710610589161167
T3,,,Laser Cutter,Testing Machine 2,Laser Welding Machine 2,,0.5974358974358975,0.2707292705951864
T3,,,Riveting Machine,Testing Machine 2,Laser Welding Machine 2,,0.5974358974358975,0.2707292705951864
T3,,,Low Capacity Cutting Machine 1,Testing Machine 2,Laser Welding Machine 2,,0.5974358974358975,0.2707292705951864
T3,,,Medium Capacity Cutting Machine 2,Testing Machine 3,Low Capacity Cutting Machine 1,,0.5952380952380952,0.2667478107440225
T3,,,Medium Capacity Cutting Machine 2,Testing Machine 3,Laser Cutter,,0.5952380952380952,0.2667478107440225
T3,,,Medium Capacity Cutting Machine 2,Testing Machine 3,Riveting Machine,,0.5952380952380952,0.2667478107440225
T3,,,Large Capacity Cutting Machine 2,Testing Machine 3,Laser Welding Machine 2,,0.593864468864469,0.2642593983370455
T3,,,Assembly Machine 3,Testing Machine 3,Laser Welding Machine 2,,0.593864468864469,0.2642593983370455
T3,,,Laser Welding Machine 1,Assembly Machine 3,Riveting Machine,,0.5928571428571429,0.2624345625719286
T3,,,Large Capacity Cutting Machine 1,Assembly Machine 3,Low Capacity Cutting Machine 1,,0.5928571428571429,0.2624345625719286
T3,,,Large Capacity Cutting Machine 1,Assembly Machine 3,Riveting Machine,,0.5928571428571429,0.2624345625719286
T3,,,Large Capacity Cutting Machine 1,Assembly Machine 3,Laser Cutter,,0.5928571428571429,0.2624345625719286
T3,,,Laser Welding Machine 1,Large Capacity Cutting Machine 2,Riveting Machine,,0.5928571428571429,0.2624345625719286
T3,,,Laser Welding Machine 1,Assembly Machine 3,Low Capacity Cutting Machine 1,,0.5928571428571429,0.2624345625719286
T3,,,Laser Welding Machine 1,Large Capacity Cutting Machine 2,Low Capacity Cutting Machine 1,,0.5928571428571429,0.2624345625719286
T3,,,Laser Welding Machine 1,Large Capacity Cutting Machine 2,Laser Cutter,,0.5928571428571429,0.2624345625719286
T3,,,Laser Welding Machine 1,Assembly Machine 3,Laser Cutter,,0.5928571428571429,0.2624345625719286
T3,,,Laser Cutter,Laser Welding Machine 1,Medium Capacity Cutting Machine 3,,0.5923076923076923,0.2614391976091377
T3,,,Medium Capacity Cutting Machine 3,Laser Welding Machine 1,Assembly Machine 3,,0.5923076923076923,0.2614391976091377
T3,,,Low Capacity Cutting Machine 1,Laser Welding Machine 1,Medium Capacity Cutting Machine 3,,0.5923076923076923,0.2614391976091377
T3,,,Medium Capacity Cutting Machine 3,Laser Welding Machine 1,Large Capacity Cutting Machine 2,,0.5923076923076923,0.2614391976091377
T3,,,Riveting Machine,Laser Welding Machine 1,Medium Capacity Cutting Machine 3,,0.5923076923076923,0.2614391976091377
T3,,,Medium Capacity Cutting Machine 3,Laser Welding Machine 1,Testing Machine 2,,0.5923076923076923,0.2614391976091377
T3,,,Assembly Machine 3,Large Capacity Cutting Machine 2,Medium Capacity Cutting Machine 3,,0.5887362637362638,0.2549693253509967
T3,,,Large Capacity Cutting Machine 2,Assembly Machine 3,Medium Capacity Cutting Machine 3,,0.5887362637362638,0.2549693253509967
T3,,,Large Capacity Cutting Machine 2,Assembly Machine 2,Testing Machine 2,,0.5887362637362638,0.2549693253509967
T3,,,Testing Machine 2,Assembly Machine 3,Medium Capacity Cutting Machine 3,,0.5887362637362638,0.2549693253509967
T3,,,Laser Welding Machine 2,Assembly Machine 2,Large Capacity Cutting Machine 2,,0.5887362637362638,0.2549693253509967
T3,,,Testing Machine 2,Assembly Machine 2,Large Capacity Cutting Machine 2,,0.5887362637362638,0.2549693253509967
T3,,,Laser Welding Machine 2,Assembly Machine 3,Medium Capacity Cutting Machine 3,,0.5887362637362638,0.2549693253509967
T3,,,Laser Welding Machine 2,Assembly Machine 2,Testing Machine 2,,0.5887362637362638,0.2549693253509967
T3,,,Laser Welding Machine 2,Large Capacity Cutting Machine 2,Medium Capacity Cutting Machine 3,,0.5887362637362638,0.2549693253509967
T3,,,Testing Machine 2,Large Capacity Cutting Machine 2,Medium Capacity Cutting Machine 3,,0.5887362637362638,0.2549693253509967
T3,,,Large Capacity Cutting Machine 1,Laser Cutter,Testing Machine 2,,0.5851648351648351,0.2484994530928555
T3,,,Large Capacity Cutting Machine 1,Low Capacity Cutting Machine 1,Testing Machine 2,,0.5851648351648351,0.2484994530928555
T3,,,Large Capacity Cutting Machine 1,Laser Cutter,Assembly Machine 3,,0.5851648351648351,0.2484994530928555
T3,,,Laser Welding Machine 1,Laser Cutter,Large Capacity Cutting Machine 2,,0.5851648351648351,0.2484994530928555
T3,,,Laser Welding Machine 1,Riveting Machine,Large Capacity Cutting Machine 2,,0.5851648351648351,0.2484994530928555
T3,,,Laser Welding Machine 1,Riveting Machine,Assembly Machine 3,,0.5851648351648351,0.2484994530928555
T3,,,Laser Welding Machine 1,Riveting Machine,Testing Machine 2,,0.5851648351648351,0.2484994530928555
T3,,,Laser Welding Machine 1,Low Capacity Cutting Machine 1,Large Capacity Cutting Machine 2,,0.5851648351648351,0.2484994530928555
T3,,,Laser Welding Machine 1,Low Capacity Cutting Machine 1,Testing Machine 2,,0.5851648351648351,0.2484994530928555
T3,,,Laser Welding Machine 1,Laser Cutter,Assembly Machine 3,,0.5851648351648351,0.2484994530928555
T3,,,Laser Welding Machine 1,Laser Cutter,Testing Machine 2,,0.5851648351648351,0.2484994530928555
T3,,,Laser Welding Machine 1,Low Capacity Cutting Machine 1,Assembly Machine 3,,0.5851648351648351,0.2484994530928555
T3,,,Large Capacity Cutting Machine 1,Riveting Machine,Testing Machine 2,,0.5851648351648351,0.2484994530928555
T3,,,Large Capacity Cutting Machine 1,Riveting Machine,Assembly Machine 3,,0.5851648351648351,0.2484994530928555
T3,,,Large Capacity Cutting Machine 1,Low Capacity Cutting Machine 1,Assembly Machine 3,,0.5851648351648351,0.2484994530928555
T3,,,Laser Cutter,Assembly Machine 2,Medium Capacity Cutting Machine 2,,0.5846153846153845,0.2475040881300646
T3,,,Low Capacity Cutting Machine 1,Assembly Machine 2,Medium Capacity Cutting Machine 2,,0.5846153846153845,0.2475040881300646
T3,,,Riveting Machine,Assembly Machine 2,Medium Capacity Cutting Machine 2,,0.5846153846153845,0.2475040881300646
T3,,,Testing Machine 2,Laser Welding Machine 2,Laser Cutter,,0.5797619047619047,0.2387116976254115
T3,,,Testing Machine 2,Laser Welding Machine 2,Low Capacity Cutting Machine 1,,0.5797619047619047,0.2387116976254115
T3,,,Testing Machine 2,Laser Welding Machine 2,Riveting Machine,,0.5797619047619047,0.2387116976254115
T3,,,Large Capacity Cutting Machine 2,Laser Welding Machine 2,Riveting Machine,,0.5797619047619047,0.2387116976254115
T3,,,Large Capacity Cutting Machine 2,Laser Welding Machine 2,Low Capacity Cutting Machine 1,,0.5797619047619047,0.2387116976254115
T3,,,Large Capacity Cutting Machine 2,Laser Welding Machine 2,Laser Cutter,,0.5797619047619047,0.2387116976254115
T3,,,Assembly Machine 3,Laser Welding Machine 2,Low Capacity Cutting Machine 1,,0.5797619047619047,0.2387116976254115
T3,,,Assembly Machine 3,Laser Welding Machine 2,Laser Cutter,,0.5797619047619047,0.2387116976254115
T3,,,Assembly Machine 3,Laser Welding Machine 2,Riveting Machine,,0.5797619047619047,0.2387116976254115
T3,,,Testing Machine 1,Riveting Machine,Laser Welding Machine 2,,0.5796703296703296,0.2385458034649464
T3,,,Testing Machine 1,Low Capacity Cutting Machine 1,Laser Welding Machine 2,,0.5796703296703296,0.2385458034649464
T3,,,Testing Machine 1,Laser Cutter,Laser Welding Machine 2,,0.5796703296703296,0.2385458034649464
T3,,,Medium Capacity Cutting Machine 2,Laser Welding Machine 1,Low Capacity Cutting Machine 1,,0.5785714285714286,0.2365550735393647
T3,,,Medium Capacity Cutting Machine 2,Laser Welding Machine 1,Riveting Machine,,0.5785714285714286,0.2365550735393647
T3,,,Medium Capacity Cutting Machine 2,Laser Welding Machine 1,Laser Cutter,,0.5785714285714286,0.2365550735393647
T3,,,Low Capacity Cutting Machine 1,Riveting Machine,Assembly Machine 2,,0.5769230769230769,0.2335689786509918
T3,,,Riveting Machine,Low Capacity Cutting Machine 1,Assembly Machine 2,,0.5769230769230769,0.2335689786509918
T3,,,Riveting Machine,Laser Cutter,Assembly Machine 2,,0.5769230769230769,0.2335689786509918
T3,,,Low Capacity Cutting Machine 1,Laser Cutter,Assembly Machine 2,,0.5769230769230769,0.2335689786509918
T3,,,Laser Cutter,Riveting Machine,Assembly Machine 2,,0.5769230769230769,0.2335689786509918
T3,,,Laser Cutter,Low Capacity Cutting Machine 1,Assembly Machine 2,,0.5769230769230769,0.2335689786509918
T3,,,Riveting Machine,Laser Welding Machine 2,Testing Machine 2,,0.5756410256410256,0.2312464604044797
T3,,,Low Capacity Cutting Machine 1,Laser Welding Machine 2,Assembly Machine 3,,0.5756410256410256,0.2312464604044797
T3,,,Low Capacity Cutting Machine 1,Laser Welding Machine 2,Testing Machine 2,,0.5756410256410256,0.2312464604044797
T3,,,Riveting Machine,Laser Welding Machine 2,Assembly Machine 3,,0.5756410256410256,0.2312464604044797
T3,,,Laser Cutter,Laser Welding Machine 2,Large Capacity Cutting Machine 2,,0.5756410256410256,0.2312464604044797
T3,,,Laser Cutter,Laser Welding Machine 2,Assembly Machine 3,,0.5756410256410256,0.2312464604044797
T3,,,Laser Cutter,Laser Welding Machine 2,Testing Machine 2,,0.5756410256410256,0.2312464604044797
T3,,,Low Capacity Cutting Machine 1,Laser Welding Machine 2,Large Capacity Cutting Machine 2,,0.5756410256410256,0.2312464604044797
T3,,,Riveting Machine,Laser Welding Machine 2,Large Capacity Cutting Machine 2,,0.5756410256410256,0.2312464604044797
T3,,,Medium Capacity Cutting Machine 3,Assembly Machine 2,Low Capacity Cutting Machine 1,,0.575,0.2300852012812236
T3,,,Medium Capacity Cutting Machine 3,Assembly Machine 2,Riveting Machine,,0.575,0.2300852012812236
T3,,,Medium Capacity Cutting Machine 3,Assembly Machine 2,Laser Cutter,,0.575,0.2300852012812236
T3,,,Testing Machine 3,Low Capacity Cutting Machine 1,Riveting Machine,,0.5714285714285714,0.2236153290230826
T3,,,Testing Machine 3,Low Capacity Cutting Machine 1,Laser Cutter,,0.5714285714285714,0.2236153290230826
T3,,,Testing Machine 3,Riveting Machine,Low Capacity Cutting Machine 1,,0.5714285714285714,0.2236153290230826
T3,,,Testing Machine 3,Laser Cutter,Riveting Machine,,0.5714285714285714,0.2236153290230826
T3,,,Testing Machine 3,Laser Cutter,Low Capacity Cutting Machine 1,,0.5714285714285714,0.2236153290230826
T3,,,Testing Machine 3,Riveting Machine,Laser Cutter,,0.5714285714285714,0.2236153290230826
T3,,,Medium Capacity Cutting Machine 2,Large Capacity Cutting Machine 2,Testing Machine 2,,0.5708791208791208,0.2226199640602917
T3,,,Medium Capacity Cutting Machine 2,Large Capacity Cutting Machine 2,Assembly Machine 3,,0.5708791208791208,0.2226199640602917
T3,,,Medium Capacity Cutting Machine 2,Assembly Machine 3,Testing Machine 2,,0.5708791208791208,0.2226199640602917
T3,,,Medium Capacity Cutting Machine 2,Assembly Machine 3,Large Capacity Cutting Machine 2,,0.5708791208791208,0.2226199640602917
T3,,,Laser Cutter,Large Capacity Cutting Machine 1,Low Capacity Cutting Machine 1,,0.5666666666666667,0.2149888326788947
T3,,,Riveting Machine,Assembly Machine 1,Low Capacity Cutting Machine 1,,0.5666666666666667,0.2149888326788947
T3,,,Low Capacity Cutting Machine 1,Assembly Machine 1,Laser Cutter,,0.5666666666666667,0.2149888326788947
T3,,,Low Capacity Cutting Machine 1,Large Capacity Cutting Machine 1,Laser Cutter,,0.5666666666666667,0.2149888326788947
T3,,,Low Capacity Cutting Machine 1,Large Capacity Cutting Machine 1,Riveting Machine,,0.5666666666666667,0.2149888326788947
T3,,,Low Capacity Cutting Machine 1,Assembly Machine 1,Riveting Machine,,0.5666666666666667,0.2149888326788947
T3,,,Riveting Machine,Large Capacity Cutting Machine 1,Low Capacity Cutting Machine 1,,0.5666666666666667,0.2149888326788947
T3,,,Riveting Machine,Large Capacity Cutting Machine 1,Laser Cutter,,0.5666666666666667,0.2149888326788947
T3,,,Laser Cutter,Large Capacity Cutting Machine 1,Riveting Machine,,0.5666666666666667,0.2149888326788947
T3,,,Laser Cutter,Assembly Machine 1,Riveting Machine,,0.5666666666666667,0.2149888326788947
T3,,,Riveting Machine,Assembly Machine 1,Laser Cutter,,0.5666666666666667,0.2149888326788947
T3,,,Laser Cutter,Assembly Machine 1,Low Capacity Cutting Machine 1,,0.5666666666666667,0.2149888326788947
T3,,,Laser Cutter,Assembly Machine 2,Laser Welding Machine 2,,0.5653846153846154,0.2126663144323825
T3,,,Riveting Machine,Assembly Machine 2,Laser Welding Machine 2,,0.5653846153846154,0.2126663144323825
T3,,,Low Capacity Cutting Machine 1,Large Capacity Cutting Machine 2,Laser Welding Machine 1,,0.5653846153846154,0.2126663144323825
T3,,,Riveting Machine,Large Capacity Cutting Machine 2,Laser Welding Machine 1,,0.5653846153846154,0.2126663144323825
T3,,,Low Capacity Cutting Machine 1,Assembly Machine 2,Laser Welding Machine 2,,0.5653846153846154,0.2126663144323825
T3,,,Laser Cutter,Assembly Machine 3,Laser Welding Machine 1,,0.5653846153846154,0.2126663144323825
T3,,,Riveting Machine,Assembly Machine 3,Laser Welding Machine 1,,0.5653846153846154,0.2126663144323825
T3,,,Laser Cutter,Large Capacity Cutting Machine 2,Laser Welding Machine 1,,0.5653846153846154,0.2126663144323825
T3,,,Low Capacity Cutting Machine 1,Assembly Machine 3,Laser Welding Machine 1,,0.5653846153846154,0.2126663144323825
T3,,,Large Capacity Cutting Machine 2,Testing Machine 2,Medium Capacity Cutting Machine 2,,0.5643772893772894,0.2108414786672659
T3,,,Laser Welding Machine 2,Testing Machine 2,Medium Capacity Cutting Machine 2,,0.5643772893772894,0.2108414786672659
T3,,,Assembly Machine 3,Testing Machine 2,Medium Capacity Cutting Machine 2,,0.5643772893772894,0.2108414786672659
T3,,,Assembly Machine 3,Low Capacity Cutting Machine 1,Laser Welding Machine 1,,0.5618131868131868,0.2061964421742416
T3,,,Assembly Machine 3,Laser Cutter,Laser Welding Machine 1,,0.5618131868131868,0.2061964421742416
T3,,,Large Capacity Cutting Machine 2,Laser Cutter,Laser Welding Machine 1,,0.5618131868131868,0.2061964421742416
T3,,,Large Capacity Cutting Machine 2,Riveting Machine,Laser Welding Machine 1,,0.5618131868131868,0.2061964421742416
T3,,,Testing Machine 2,Riveting Machine,Laser Welding Machine 1,,0.5618131868131868,0.2061964421742416
T3,,,Testing Machine 2,Laser Cutter,Laser Welding Machine 1,,0.5618131868131868,0.2061964421742416
T3,,,Assembly Machine 3,Riveting Machine,Laser Welding Machine 1,,0.5618131868131868,0.2061964421742416
T3,,,Large Capacity Cutting Machine 2,Low Capacity Cutting Machine 1,Laser Welding Machine 1,,0.5618131868131868,0.2061964421742416
T3,,,Testing Machine 2,Low Capacity Cutting Machine 1,Laser Welding Machine 1,,0.5618131868131868,0.2061964421742416
T3,,,Testing Machine 2,Medium Capacity Cutting Machine 2,Laser Welding Machine 2,,0.5605311355311355,0.2038739239277295
T3,,,Large Capacity Cutting Machine 2,Medium Capacity Cutting Machine 2,Laser Welding Machine 2,,0.5605311355311355,0.2038739239277295
T3,,,Assembly Machine 3,Medium Capacity Cutting Machine 2,Laser Welding Machine 2,,0.5605311355311355,0.2038739239277295
T3,,,Large Capacity Cutting Machine 1,Testing Machine 3,Riveting Machine,,0.5595238095238095,0.2020490881626128
T3,,,Large Capacity Cutting Machine 1,Testing Machine 3,Laser Cutter,,0.5595238095238095,0.2020490881626128
T3,,,Laser Welding Machine 1,Testing Machine 3,Riveting Machine,,0.5595238095238095,0.2020490881626128
T3,,,Laser Welding Machine 1,Testing Machine 3,Laser Cutter,,0.5595238095238095,0.2020490881626128
T3,,,Laser Welding Machine 1,Testing Machine 3,Low Capacity Cutting Machine 1,,0.5595238095238095,0.2020490881626128
T3,,,Large Capacity Cutting Machine 1,Testing Machine 3,Low Capacity Cutting Machine 1,,0.5595238095238095,0.2020490881626128
T3,,,Laser Cutter,Testing Machine 2,Medium Capacity Cutting Machine 3,,0.558974358974359,0.2010537231998219
T3,,,Riveting Machine,Testing Machine 2,Medium Capacity Cutting Machine 3,,0.558974358974359,0.2010537231998219
T3,,,Low Capacity Cutting Machine 1,Testing Machine 2,Medium Capacity Cutting Machine 3,,0.558974358974359,0.2010537231998219
T3,,,Testing Machine 1,Assembly Machine 2,Low Capacity Cutting Machine 1,,0.5571428571428572,0.1977358399905188
T3,,,Testing Machine 1,Assembly Machine 2,Laser Cutter,,0.5571428571428572,0.1977358399905188
T3,,,Testing Machine 1,Assembly Machine 2,Riveting Machine,,0.5571428571428572,0.1977358399905188
T3,,,Testing Machine 1,Laser Welding Machine 1,Assembly Machine 3,,0.5565934065934066,0.1967404750277279
T3,,,Testing Machine 1,Laser Welding Machine 1,Large Capacity Cutting Machine 2,,0.5565934065934066,0.1967404750277279
T3,,,Medium Capacity Cutting Machine 3,Assembly Machine 3,Laser Welding Machine 2,,0.5557692307692308,0.1952474275835415
T3,,,Medium Capacity Cutting Machine 3,Large Capacity Cutting Machine 2,Laser Welding Machine 2,,0.5557692307692308,0.1952474275835415
T3,,,Assembly Machine 3,Testing Machine 3,Medium Capacity Cutting Machine 3,,0.5554029304029304,0.1945838509416809
T3,,,Testing Machine 2,Medium Capacity Cutting Machine 3,Assembly Machine 3,,0.5554029304029304,0.1945838509416809
T3,,,Large Capacity Cutting Machine 2,Medium Capacity Cutting Machine 3,Testing Machine 2,,0.5554029304029304,0.1945838509416809
T3,,,Laser Welding Machine 2,Medium Capacity Cutting Machine 3,Assembly Machine 3,,0.5554029304029304,0.1945838509416809
T3,,,Laser Welding Machine 2,Medium Capacity Cutting Machine 3,Large Capacity Cutting Machine 2,,0.5554029304029304,0.1945838509416809
T3,,,Laser Welding Machine 2,Testing Machine 3,Medium Capacity Cutting Machine 3,,0.5554029304029304,0.1945838509416809
T3,,,Large Capacity Cutting Machine 2,Testing Machine 3,Medium Capacity Cutting Machine 3,,0.5554029304029304,0.1945838509416809
T3,,,Laser Welding Machine 2,Medium Capacity Cutting Machine 3,Testing Machine 2,,0.5554029304029304,0.1945838509416809
T3,,,Large Capacity Cutting Machine 2,Medium Capacity Cutting Machine 3,Assembly Machine 3,,0.5554029304029304,0.1945838509416809
T3,,,Testing Machine 2,Medium Capacity Cutting Machine 3,Large Capacity Cutting Machine 2,,0.5554029304029304,0.1945838509416809
T3,,,Assembly Machine 3,Medium Capacity Cutting Machine 3,Large Capacity Cutting Machine 2,,0.5554029304029304,0.1945838509416809
T3,,,Assembly Machine 3,Medium Capacity Cutting Machine 3,Testing Machine 2,,0.5554029304029304,0.1945838509416809
T3,,,Riveting Machine,Laser Welding Machine 1,Testing Machine 3,,0.5538461538461539,0.1917636502137733
T3,,,Low Capacity Cutting Machine 1,Laser Welding Machine 1,Testing Machine 3,,0.5538461538461539,0.1917636502137733
T3,,,Laser Cutter,Laser Welding Machine 1,Testing Machine 3,,0.5538461538461539,0.1917636502137733
T3,,,Medium Capacity Cutting Machine 3,Testing Machine 2,Large Capacity Cutting Machine 2,,0.5506410256410257,0.185957354597493
T3,,,Medium Capacity Cutting Machine 3,Testing Machine 2,Assembly Machine 3,,0.5506410256410257,0.185957354597493
T3,,,Laser Welding Machine 2,Large Capacity Cutting Machine 2,Testing Machine 3,,0.5502747252747253,0.1852937779556324
T3,,,Assembly Machine 3,Large Capacity Cutting Machine 2,Testing Machine 3,,0.5502747252747253,0.1852937779556324
T3,,,Laser Welding Machine 2,Assembly Machine 3,Testing Machine 3,,0.5502747252747253,0.1852937779556324
T3,,,Large Capacity Cutting Machine 2,Assembly Machine 3,Testing Machine 3,,0.5502747252747253,0.1852937779556324
T3,,,Testing Machine 1,Riveting Machine,Medium Capacity Cutting Machine 3,,0.5494505494505494,0.1838007305114458
T3,,,Testing Machine 1,Laser Cutter,Medium Capacity Cutting Machine 3,,0.5494505494505494,0.1838007305114458
T3,,,Testing Machine 1,Low Capacity Cutting Machine 1,Medium Capacity Cutting Machine 3,,0.5494505494505494,0.1838007305114458
T3,,,Testing Machine 1,Large Capacity Cutting Machine 2,Medium Capacity Cutting Machine 2,,0.548901098901099,0.1828053655486551
T3,,,Testing Machine 1,Assembly Machine 3,Medium Capacity Cutting Machine 2,,0.548901098901099,0.1828053655486551
T3,,,Large Capacity Cutting Machine 2,Medium Capacity Cutting Machine 1,Low Capacity Cutting Machine 1,,0.5464285714285715,0.1783262232160959
T3,,,Large Capacity Cutting Machine 2,Medium Capacity Cutting Machine 1,Riveting Machine,,0.5464285714285715,0.1783262232160959
T3,,,Testing Machine 2,Medium Capacity Cutting Machine 1,Laser Cutter,,0.5464285714285715,0.1783262232160959
T3,,,Laser Welding Machine 2,Medium Capacity Cutting Machine 1,Laser Cutter,,0.5464285714285715,0.1783262232160959
T3,,,Laser Welding Machine 2,Medium Capacity Cutting Machine 1,Low Capacity Cutting Machine 1,,0.5464285714285715,0.1783262232160959
T3,,,Laser Welding Machine 2,Medium Capacity Cutting Machine 1,Riveting Machine,,0.5464285714285715,0.1783262232160959
T3,,,Large Capacity Cutting Machine 2,Medium Capacity Cutting Machine 1,Laser Cutter,,0.5464285714285715,0.1783262232160959
T3,,,Assembly Machine 3,Medium Capacity Cutting Machine 1,Riveting Machine,,0.5464285714285715,0.1783262232160959
T3,,,Testing Machine 2,Medium Capacity Cutting Machine 1,Low Capacity Cutting Machine 1,,0.5464285714285715,0.1783262232160959
T3,,,Testing Machine 2,Medium Capacity Cutting Machine 1,Riveting Machine,,0.5464285714285715,0.1783262232160959
T3,,,Assembly Machine 3,Medium Capacity Cutting Machine 1,Laser Cutter,,0.5464285714285715,0.1783262232160959
T3,,,Assembly Machine 3,Medium Capacity Cutting Machine 1,Low Capacity Cutting Machine 1,,0.5464285714285715,0.1783262232160959
T3,,,Medium Capacity Cutting Machine 2,Testing Machine 2,Low Capacity Cutting Machine 1,,0.5452380952380952,0.1761695991300488
T3,,,Medium Capacity Cutting Machine 2,Testing Machine 2,Riveting Machine,,0.5452380952380952,0.1761695991300488
T3,,,Medium Capacity Cutting Machine 2,Testing Machine 2,Laser Cutter,,0.5452380952380952,0.1761695991300488
T3,,,Medium Capacity Cutting Machine 2,Laser Cutter,Laser Welding Machine 2,,0.543956043956044,0.1738470808835368
T3,,,Medium Capacity Cutting Machine 2,Riveting Machine,Laser Welding Machine 2,,0.543956043956044,0.1738470808835368
T3,,,Medium Capacity Cutting Machine 2,Low Capacity Cutting Machine 1,Laser Welding Machine 2,,0.543956043956044,0.1738470808835368
T3,,,Large Capacity Cutting Machine 2,Testing Machine 2,Laser Welding Machine 2,,0.5438644688644689,0.1736811867230717
T3,,,Assembly Machine 3,Testing Machine 2,Laser Welding Machine 2,,0.5438644688644689,0.1736811867230717
T3,,,Large Capacity Cutting Machine 1,Laser Welding Machine 1,Laser Cutter,,0.5428571428571428,0.1718563509579548
T3,,,Large Capacity Cutting Machine 1,Laser Welding Machine 1,Low Capacity Cutting Machine 1,,0.5428571428571428,0.1718563509579548
T3,,,Large Capacity Cutting Machine 1,Laser Welding Machine 1,Riveting Machine,,0.5428571428571428,0.1718563509579548
T3,,,Laser Cutter,Medium Capacity Cutting Machine 1,Assembly Machine 3,,0.5423076923076924,0.1708609859951641
T3,,,Laser Cutter,Medium Capacity Cutting Machine 1,Testing Machine 2,,0.5423076923076924,0.1708609859951641
T3,,,Low Capacity Cutting Machine 1,Medium Capacity Cutting Machine 1,Assembly Machine 3,,0.5423076923076924,0.1708609859951641
T3,,,Riveting Machine,Medium Capacity Cutting Machine 1,Assembly Machine 3,,0.5423076923076924,0.1708609859951641
T3,,,Low Capacity Cutting Machine 1,Medium Capacity Cutting Machine 1,Large Capacity Cutting Machine 2,,0.5423076923076924,0.1708609859951641
T3,,,Low Capacity Cutting Machine 1,Medium Capacity Cutting Machine 1,Testing Machine 2,,0.5423076923076924,0.1708609859951641
T3,,,Riveting Machine,Medium Capacity Cutting Machine 1,Testing Machine 2,,0.5423076923076924,0.1708609859951641
T3,,,Riveting Machine,Medium Capacity Cutting Machine 1,Large Capacity Cutting Machine 2,,0.5423076923076924,0.1708609859951641
T3,,,Laser Cutter,Medium Capacity Cutting Machine 1,Large Capacity Cutting Machine 2,,0.5423076923076924,0.1708609859951641
T3,,,Low Capacity Cutting Machine 1,Assembly Machine 2,Medium Capacity Cutting Machine 3,,0.5423076923076923,0.1708609859951639
T3,,,Laser Cutter,Assembly Machine 2,Medium Capacity Cutting Machine 3,,0.5423076923076923,0.1708609859951639
T3,,,Riveting Machine,Assembly Machine 2,Medium Capacity Cutting Machine 3,,0.5423076923076923,0.1708609859951639
T3,,,Testing Machine 1,Medium Capacity Cutting Machine 2,Assembly Machine 3,,0.53992673992674,0.1665477378230701
T3,,,Testing Machine 1,Medium Capacity Cutting Machine 2,Large Capacity Cutting Machine 2,,0.53992673992674,0.1665477378230701
T3,,,Assembly Machine 3,Laser Welding Machine 1,Medium Capacity Cutting Machine 3,,0.5387362637362637,0.1643911137370229
T3,,,Large Capacity Cutting Machine 2,Laser Welding Machine 1,Medium Capacity Cutting Machine 3,,0.5387362637362637,0.1643911137370229
T3,,,Testing Machine 2,Laser Welding Machine 1,Medium Capacity Cutting Machine 3,,0.5387362637362637,0.1643911137370229
T3,,,Low Capacity Cutting Machine 1,Laser Cutter,Testing Machine 1,,0.5384615384615383,0.1638934312556272
T3,,,Laser Cutter,Riveting Machine,Testing Machine 1,,0.5384615384615383,0.1638934312556272
T3,,,Low Capacity Cutting Machine 1,Riveting Machine,Testing Machine 1,,0.5384615384615383,0.1638934312556272
T3,,,Riveting Machine,Laser Cutter,Testing Machine 1,,0.5384615384615383,0.1638934312556272
T3,,,Laser Cutter,Low Capacity Cutting Machine 1,Testing Machine 1,,0.5384615384615383,0.1638934312556272
T3,,,Riveting Machine,Low Capacity Cutting Machine 1,Testing Machine 1,,0.5384615384615383,0.1638934312556272
T3,,,Medium Capacity Cutting Machine 2,Testing Machine 3,Large Capacity Cutting Machine 2,,0.5375457875457875,0.1622344896509759
T3,,,Medium Capacity Cutting Machine 2,Testing Machine 3,Assembly Machine 3,,0.5375457875457875,0.1622344896509759
T3,,,Riveting Machine,Medium Capacity Cutting Machine 2,Testing Machine 3,,0.537179487179487,0.1615709130091151
T3,,,Laser Cutter,Medium Capacity Cutting Machine 2,Testing Machine 3,,0.537179487179487,0.1615709130091151
T3,,,Low Capacity Cutting Machine 1,Medium Capacity Cutting Machine 2,Testing Machine 3,,0.537179487179487,0.1615709130091151
T3,,,Assembly Machine 2,Low Capacity Cutting Machine 1,Riveting Machine,,0.5357142857142856,0.1589166064416727
T3,,,Assembly Machine 2,Low Capacity Cutting Machine 1,Laser Cutter,,0.5357142857142856,0.1589166064416727
T3,,,Assembly Machine 2,Riveting Machine,Low Capacity Cutting Machine 1,,0.5357142857142856,0.1589166064416727
T3,,,Assembly Machine 2,Riveting Machine,Laser Cutter,,0.5357142857142856,0.1589166064416727
T3,,,Assembly Machine 2,Laser Cutter,Low Capacity Cutting Machine 1,,0.5357142857142856,0.1589166064416727
T3,,,Assembly Machine 2,Laser Cutter,Riveting Machine,,0.5357142857142856,0.1589166064416727
T3,,,Laser Welding Machine 1,Large Capacity Cutting Machine 2,Testing Machine 2,,0.5351648351648352,0.1579212414788819
T3,,,Laser Welding Machine 1,Assembly Machine 3,Testing Machine 2,,0.5351648351648352,0.1579212414788819
T3,,,Laser Welding Machine 1,Large Capacity Cutting Machine 2,Assembly Machine 3,,0.5351648351648352,0.1579212414788819
T3,,,Laser Welding Machine 1,Assembly Machine 3,Large Capacity Cutting Machine 2,,0.5351648351648352,0.1579212414788819
T3,,,Large Capacity Cutting Machine 1,Assembly Machine 3,Testing Machine 2,,0.5351648351648352,0.1579212414788819
T3,,,Laser Cutter,Medium Capacity Cutting Machine 3,Laser Welding Machine 2,,0.5320512820512822,0.152280840023067
T3,,,Riveting Machine,Medium Capacity Cutting Machine 3,Laser Welding Machine 2,,0.5320512820512822,0.152280840023067
T3,,,Low Capacity Cutting Machine 1,Medium Capacity Cutting Machine 3,Laser Welding Machine 2,,0.5320512820512822,0.152280840023067
T3,,,Riveting Machine,Testing Machine 3,Laser Welding Machine 1,,0.532051282051282,0.1522808400230668
T3,,,Low Capacity Cutting Machine 1,Testing Machine 3,Laser Welding Machine 1,,0.532051282051282,0.1522808400230668
T3,,,Laser Cutter,Testing Machine 3,Laser Welding Machine 1,,0.532051282051282,0.1522808400230668
T3,,,Testing Machine 2,Assembly Machine 2,Medium Capacity Cutting Machine 2,,0.531043956043956,0.1504560042579501
T3,,,Large Capacity Cutting Machine 2,Assembly Machine 2,Medium Capacity Cutting Machine 2,,0.531043956043956,0.1504560042579501
T3,,,Laser Welding Machine 2,Assembly Machine 2,Medium Capacity Cutting Machine 2,,0.531043956043956,0.1504560042579501
T3,,,Testing Machine 1,Large Capacity Cutting Machine 2,Laser Welding Machine 2,,0.5296703296703298,0.147967591850973
T3,,,Testing Machine 1,Assembly Machine 3,Laser Welding Machine 2,,0.5296703296703298,0.147967591850973
T3,,,Medium Capacity Cutting Machine 3,Low Capacity Cutting Machine 1,Testing Machine 3,,0.5288461538461537,0.1464745444067862
T3,,,Medium Capacity Cutting Machine 3,Riveting Machine,Testing Machine 3,,0.5288461538461537,0.1464745444067862
T3,,,Medium Capacity Cutting Machine 3,Laser Cutter,Testing Machine 3,,0.5288461538461537,0.1464745444067862
T3,,,Medium Capacity Cutting Machine 2,Assembly Machine 2,Laser Cutter,,0.5285714285714286,0.145976861925391
T3,,,Medium Capacity Cutting Machine 2,Assembly Machine 2,Low Capacity Cutting Machine 1,,0.5285714285714286,0.145976861925391
T3,,,Medium Capacity Cutting Machine 2,Assembly Machine 2,Riveting Machine,,0.5285714285714286,0.145976861925391
T3,,,Large Capacity Cutting Machine 1,Riveting Machine,Medium Capacity Cutting Machine 2,,0.5274725274725274,0.1439861319998089
T3,,,Laser Welding Machine 1,Low Capacity Cutting Machine 1,Medium Capacity Cutting Machine 2,,0.5274725274725274,0.1439861319998089
T3,,,Large Capacity Cutting Machine 1,Laser Cutter,Medium Capacity Cutting Machine 2,,0.5274725274725274,0.1439861319998089
T3,,,Laser Welding Machine 1,Riveting Machine,Medium Capacity Cutting Machine 2,,0.5274725274725274,0.1439861319998089
T3,,,Large Capacity Cutting Machine 1,Low Capacity Cutting Machine 1,Medium Capacity Cutting Machine 2,,0.5274725274725274,0.1439861319998089
T3,,,Laser Welding Machine 1,Laser Cutter,Medium Capacity Cutting Machine 2,,0.5274725274725274,0.1439861319998089
T3,,,Riveting Machine,Large Capacity Cutting Machine 2,Assembly Machine 2,,0.5269230769230769,0.1429907670370182
T3,,,Low Capacity Cutting Machine 1,Large Capacity Cutting Machine 2,Assembly Machine 2,,0.5269230769230769,0.1429907670370182
T3,,,Laser Cutter,Large Capacity Cutting Machine 2,Assembly Machine 2,,0.5269230769230769,0.1429907670370182
T3,,,Large Capacity Cutting Machine 1,Medium Capacity Cutting Machine 2,Low Capacity Cutting Machine 1,,0.5261904761904761,0.1416636137532968
T3,,,Laser Welding Machine 1,Medium Capacity Cutting Machine 2,Riveting Machine,,0.5261904761904761,0.1416636137532968
T3,,,Laser Welding Machine 1,Medium Capacity Cutting Machine 2,Laser Cutter,,0.5261904761904761,0.1416636137532968
T3,,,Laser Welding Machine 1,Medium Capacity Cutting Machine 2,Low Capacity Cutting Machine 1,,0.5261904761904761,0.1416636137532968
T3,,,Large Capacity Cutting Machine 1,Medium Capacity Cutting Machine 2,Laser Cutter,,0.5261904761904761,0.1416636137532968
T3,,,Large Capacity Cutting Machine 1,Medium Capacity Cutting Machine 2,Riveting Machine,,0.5261904761904761,0.1416636137532968
T3,,,Testing Machine 1,Medium Capacity Cutting Machine 3,Riveting Machine,,0.5238095238095238,0.137350365581203
T3,,,Testing Machine 1,Medium Capacity Cutting Machine 3,Low Capacity Cutting Machine 1,,0.5238095238095238,0.137350365581203
T3,,,Testing Machine 1,Medium Capacity Cutting Machine 3,Laser Cutter,,0.5238095238095238,0.137350365581203
T3,,,Laser Welding Machine 2,Riveting Machine,Assembly Machine 2,,0.5233516483516483,0.1365208947788771
T3,,,Laser Welding Machine 2,Low Capacity Cutting Machine 1,Assembly Machine 2,,0.5233516483516483,0.1365208947788771
T3,,,Large Capacity Cutting Machine 2,Riveting Machine,Assembly Machine 2,,0.5233516483516483,0.1365208947788771
T3,,,Large Capacity Cutting Machine 2,Laser Cutter,Assembly Machine 2,,0.5233516483516483,0.1365208947788771
T3,,,Testing Machine 2,Low Capacity Cutting Machine 1,Assembly Machine 2,,0.5233516483516483,0.1365208947788771
T3,,,Testing Machine 2,Riveting Machine,Assembly Machine 2,,0.5233516483516483,0.1365208947788771
T3,,,Large Capacity Cutting Machine 2,Low Capacity Cutting Machine 1,Assembly Machine 2,,0.5233516483516483,0.1365208947788771
T3,,,Laser Welding Machine 2,Laser Cutter,Assembly Machine 2,,0.5233516483516483,0.1365208947788771
T3,,,Testing Machine 2,Laser Cutter,Assembly Machine 2,,0.5233516483516483,0.1365208947788771
T3,,,Medium Capacity Cutting Machine 3,Testing Machine 3,Laser Welding Machine 2,,0.5224358974358975,0.1348619531742257
T3,,,Testing Machine 2,Laser Welding Machine 2,Assembly Machine 3,,0.522069597069597,0.1341983765323649
T3,,,Assembly Machine 3,Laser Welding Machine 2,Large Capacity Cutting Machine 2,,0.522069597069597,0.1341983765323649
T3,,,Large Capacity Cutting Machine 2,Laser Welding Machine 2,Assembly Machine 3,,0.522069597069597,0.1341983765323649
T3,,,Large Capacity Cutting Machine 2,Laser Welding Machine 2,Testing Machine 2,,0.522069597069597,0.1341983765323649
T3,,,Testing Machine 2,Laser Welding Machine 2,Large Capacity Cutting Machine 2,,0.522069597069597,0.1341983765323649
T3,,,Assembly Machine 3,Laser Welding Machine 2,Testing Machine 2,,0.522069597069597,0.1341983765323649
T3,,,Testing Machine 3,Assembly Machine 3,Low Capacity Cutting Machine 1,,0.5214285714285715,0.1330371174091091
T3,,,Testing Machine 3,Large Capacity Cutting Machine 2,Laser Cutter,,0.5214285714285715,0.1330371174091091
T3,,,Testing Machine 3,Large Capacity Cutting Machine 2,Low Capacity Cutting Machine 1,,0.5214285714285715,0.1330371174091091
T3,,,Testing Machine 3,Large Capacity Cutting Machine 2,Riveting Machine,,0.5214285714285715,0.1330371174091091
T3,,,Testing Machine 3,Assembly Machine 3,Riveting Machine,,0.5214285714285715,0.1330371174091091
T3,,,Testing Machine 3,Assembly Machine 3,Laser Cutter,,0.5214285714285715,0.1330371174091091
T3,,,Medium Capacity Cutting Machine 2,Laser Welding Machine 1,Assembly Machine 3,,0.5208791208791208,0.1320417524463179
T3,,,Medium Capacity Cutting Machine 2,Laser Welding Machine 1,Testing Machine 2,,0.5208791208791208,0.1320417524463179
T3,,,Medium Capacity Cutting Machine 2,Laser Welding Machine 1,Large Capacity Cutting Machine 2,,0.5208791208791208,0.1320417524463179
T3,,,Riveting Machine,Laser Welding Machine 2,Medium Capacity Cutting Machine 2,,0.5179487179487179,0.1267331393114331
T3,,,Laser Cutter,Laser Welding Machine 2,Medium Capacity Cutting Machine 2,,0.5179487179487179,0.1267331393114331
T3,,,Low Capacity Cutting Machine 1,Laser Welding Machine 2,Medium Capacity Cutting Machine 2,,0.5179487179487179,0.1267331393114331
T3,,,Medium Capacity Cutting Machine 3,Assembly Machine 2,Large Capacity Cutting Machine 2,,0.5173076923076922,0.125571880188177
T3,,,Medium Capacity Cutting Machine 3,Assembly Machine 2,Testing Machine 2,,0.5173076923076922,0.125571880188177
T3,,,Testing Machine 3,Riveting Machine,Assembly Machine 3,,0.5137362637362637,0.119102007930036
T3,,,Testing Machine 3,Riveting Machine,Large Capacity Cutting Machine 2,,0.5137362637362637,0.119102007930036
T3,,,Testing Machine 3,Low Capacity Cutting Machine 1,Large Capacity Cutting Machine 2,,0.5137362637362637,0.119102007930036
T3,,,Testing Machine 3,Laser Cutter,Large Capacity Cutting Machine 2,,0.5137362637362637,0.119102007930036
T3,,,Testing Machine 3,Low Capacity Cutting Machine 1,Assembly Machine 3,,0.5137362637362637,0.119102007930036
T3,,,Testing Machine 3,Laser Cutter,Assembly Machine 3,,0.5137362637362637,0.119102007930036
T3,,,Assembly Machine 3,Large Capacity Cutting Machine 1,Laser Cutter,,0.513095238095238,0.1179407488067799
T3,,,Assembly Machine 3,Large Capacity Cutting Machine 1,Low Capacity Cutting Machine 1,,0.513095238095238,0.1179407488067799
T3,,,Testing Machine 2,Large Capacity Cutting Machine 1,Laser Cutter,,0.513095238095238,0.1179407488067799
T3,,,Testing Machine 2,Assembly Machine 1,Laser Cutter,,0.513095238095238,0.1179407488067799
T3,,,Large Capacity Cutting Machine 2,Assembly Machine 1,Riveting Machine,,0.513095238095238,0.1179407488067799
T3,,,Assembly Machine 3,Large Capacity Cutting Machine 1,Riveting Machine,,0.513095238095238,0.1179407488067799
T3,,,Laser Welding Machine 2,Large Capacity Cutting Machine 1,Laser Cutter,,0.513095238095238,0.1179407488067799
T3,,,Testing Machine 2,Assembly Machine 1,Riveting Machine,,0.513095238095238,0.1179407488067799
T3,,,Laser Welding Machine 2,Large Capacity Cutting Machine 1,Riveting Machine,,0.513095238095238,0.1179407488067799
T3,,,Laser Welding Machine 2,Assembly Machine 1,Riveting Machine,,0.513095238095238,0.1179407488067799
T3,,,Laser Welding Machine 2,Large Capacity Cutting Machine 1,Low Capacity Cutting Machine 1,,0.513095238095238,0.1179407488067799
T3,,,Testing Machine 2,Assembly Machine 1,Low Capacity Cutting Machine 1,,0.513095238095238,0.1179407488067799
T3,,,Testing Machine 2,Large Capacity Cutting Machine 1,Low Capacity Cutting Machine 1,,0.513095238095238,0.1179407488067799
T3,,,Large Capacity Cutting Machine 2,Assembly Machine 1,Laser Cutter,,0.513095238095238,0.1179407488067799
T3,,,Laser Welding Machine 2,Assembly Machine 1,Laser Cutter,,0.513095238095238,0.1179407488067799
T3,,,Laser Welding Machine 2,Assembly Machine 1,Low Capacity Cutting Machine 1,,0.513095238095238,0.1179407488067799
T3,,,Testing Machine 2,Large Capacity Cutting Machine 1,Riveting Machine,,0.513095238095238,0.1179407488067799
T3,,,Large Capacity Cutting Machine 2,Assembly Machine 1,Low Capacity Cutting Machine 1,,0.513095238095238,0.1179407488067799
T3,,,Testing Machine 2,Large Capacity Cutting Machine 2,Laser Welding Machine 1,,0.5118131868131869,0.115618230560268
T3,,,Assembly Machine 3,Large Capacity Cutting Machine 2,Laser Welding Machine 1,,0.5118131868131869,0.115618230560268
T3,,,Large Capacity Cutting Machine 2,Assembly Machine 3,Laser Welding Machine 1,,0.5118131868131869,0.115618230560268
T3,,,Testing Machine 2,Assembly Machine 3,Laser Welding Machine 1,,0.5118131868131869,0.115618230560268
T3,,,Testing Machine 2,Assembly Machine 2,Laser Welding Machine 2,,0.5118131868131868,0.1156182305602678
T3,,,Large Capacity Cutting Machine 2,Assembly Machine 2,Laser Welding Machine 2,,0.5118131868131868,0.1156182305602678
T3,,,Large Capacity Cutting Machine 1,Testing Machine 2,Low Capacity Cutting Machine 1,,0.5095238095238095,0.111470876548639
T3,,,Large Capacity Cutting Machine 1,Testing Machine 2,Laser Cutter,,0.5095238095238095,0.111470876548639
T3,,,Laser Welding Machine 1,Testing Machine 2,Riveting Machine,,0.5095238095238095,0.111470876548639
T3,,,Large Capacity Cutting Machine 1,Testing Machine 2,Riveting Machine,,0.5095238095238095,0.111470876548639
T3,,,Laser Welding Machine 1,Testing Machine 2,Laser Cutter,,0.5095238095238095,0.111470876548639
T3,,,Laser Welding Machine 1,Testing Machine 2,Low Capacity Cutting Machine 1,,0.5095238095238095,0.111470876548639
T3,,,Laser Cutter,Large Capacity Cutting Machine 1,Testing Machine 2,,0.5089743589743589,0.1104755115858481
T3,,,Low Capacity Cutting Machine 1,Large Capacity Cutting Machine 1,Assembly Machine 3,,0.5089743589743589,0.1104755115858481
T3,,,Low Capacity Cutting Machine 1,Large Capacity Cutting Machine 1,Testing Machine 2,,0.5089743589743589,0.1104755115858481
T3,,,Riveting Machine,Large Capacity Cutting Machine 1,Assembly Machine 3,,0.5089743589743589,0.1104755115858481
T3,,,Riveting Machine,Large Capacity Cutting Machine 1,Testing Machine 2,,0.5089743589743589,0.1104755115858481
T3,,,Low Capacity Cutting Machine 1,Assembly Machine 1,Large Capacity Cutting Machine 2,,0.5089743589743589,0.1104755115858481
T3,,,Riveting Machine,Assembly Machine 1,Large Capacity Cutting Machine 2,,0.5089743589743589,0.1104755115858481
T3,,,Riveting Machine,Assembly Machine 1,Testing Machine 2,,0.5089743589743589,0.1104755115858481
T3,,,Low Capacity Cutting Machine 1,Assembly Machine 1,Testing Machine 2,,0.5089743589743589,0.1104755115858481
T3,,,Laser Cutter,Large Capacity Cutting Machine 1,Assembly Machine 3,,0.5089743589743589,0.1104755115858481
T3,,,Laser Cutter,Assembly Machine 1,Large Capacity Cutting Machine 2,,0.5089743589743589,0.1104755115858481
T3,,,Laser Cutter,Assembly Machine 1,Testing Machine 2,,0.5089743589743589,0.1104755115858481
T3,,,Medium Capacity Cutting Machine 3,Laser Welding Machine 2,Low Capacity Cutting Machine 1,,0.5083333333333333,0.109314252462592
T3,,,Medium Capacity Cutting Machine 3,Laser Welding Machine 2,Laser Cutter,,0.5083333333333333,0.109314252462592
T3,,,Medium Capacity Cutting Machine 3,Laser Welding Machine 2,Riveting Machine,,0.5083333333333333,0.109314252462592
T3,,,Large Capacity Cutting Machine 1,Low Capacity Cutting Machine 1,Laser Welding Machine 2,,0.5082417582417582,0.1091483583021269
T3,,,Large Capacity Cutting Machine 1,Riveting Machine,Laser Welding Machine 2,,0.5082417582417582,0.1091483583021269
T3,,,Large Capacity Cutting Machine 1,Laser Cutter,Laser Welding Machine 2,,0.5082417582417582,0.1091483583021269
T3,,,Large Capacity Cutting Machine 2,Testing Machine 2,Medium Capacity Cutting Machine 3,,0.5054029304029304,0.1040056393277071
T3,,,Laser Welding Machine 2,Testing Machine 2,Medium Capacity Cutting Machine 3,,0.5054029304029304,0.1040056393277071
T3,,,Assembly Machine 3,Testing Machine 2,Medium Capacity Cutting Machine 3,,0.5054029304029304,0.1040056393277071
T3,,,Riveting Machine,Assembly Machine 2,Testing Machine 3,,0.5038461538461538,0.1011854385997995
T3,,,Laser Cutter,Assembly Machine 2,Testing Machine 3,,0.5038461538461538,0.1011854385997995
T3,,,Low Capacity Cutting Machine 1,Assembly Machine 2,Testing Machine 3,,0.5038461538461538,0.1011854385997995
T3,,,Large Capacity Cutting Machine 1,Testing Machine 3,Assembly Machine 3,,0.5018315018315018,0.0975357670695662
T3,,,Laser Welding Machine 1,Testing Machine 3,Large Capacity Cutting Machine 2,,0.5018315018315018,0.0975357670695662
T3,,,Laser Welding Machine 1,Testing Machine 3,Assembly Machine 3,,0.5018315018315018,0.0975357670695662
T3,,,Large Capacity Cutting Machine 2,Laser Welding Machine 1,Testing Machine 3,,0.5002747252747253,0.0947155663416586
T3,,,Assembly Machine 3,Laser Welding Machine 1,Testing Machine 3,,0.5002747252747253,0.0947155663416586
T3,,,Low Capacity Cutting Machine 1,Laser Cutter,Medium Capacity Cutting Machine 1,,0.5,0.0942178838602631
T3,,,Low Capacity Cutting Machine 1,Riveting Machine,Medium Capacity Cutting Machine 1,,0.5,0.0942178838602631
T3,,,Low Capacity Cutting Machine 1,Testing Machine 1,Laser Cutter,,0.5,0.0942178838602631
T3,,,Riveting Machine,Laser Cutter,Medium Capacity Cutting Machine 1,,0.5,0.0942178838602631
T3,,,Low Capacity Cutting Machine 1,Riveting Machine,Assembly Machine 1,,0.5,0.0942178838602631
T3,,,Low Capacity Cutting Machine 1,Laser Cutter,Assembly Machine 1,,0.5,0.0942178838602631
T3,,,Low Capacity Cutting Machine 1,Laser Cutter,Large Capacity Cutting Machine 1,,0.5,0.0942178838602631
T3,,,Medium Capacity Cutting Machine 1,Laser Cutter,Riveting Machine,,0.5,0.0942178838602631
T3,,,Assembly Machine 1,Low Capacity Cutting Machine 1,Riveting Machine,,0.5,0.0942178838602631
T3,,,Medium Capacity Cutting Machine 1,Riveting Machine,Laser Cutter,,0.5,0.0942178838602631
T3,,,Laser Cutter,Low Capacity Cutting Machine 1,Assembly Machine 1,,0.5,0.0942178838602631
T3,,,Assembly Machine 1,Laser Cutter,Low Capacity Cutting Machine 1,,0.5,0.0942178838602631
T3,,,Laser Cutter,Low Capacity Cutting Machine 1,Large Capacity Cutting Machine 1,,0.5,0.0942178838602631
T3,,,Medium Capacity Cutting Machine 1,Laser Cutter,Low Capacity Cutting Machine 1,,0.5,0.0942178838602631
T3,,,Medium Capacity Cutting Machine 1,Low Capacity Cutting Machine 1,Riveting Machine,,0.5,0.0942178838602631
T3,,,Laser Cutter,Riveting Machine,Medium Capacity Cutting Machine 1,,0.5,0.0942178838602631
T3,,,Laser Cutter,Riveting Machine,Assembly Machine 1,,0.5,0.0942178838602631
T3,,,Assembly Machine 1,Riveting Machine,Low Capacity Cutting Machine 1,,0.5,0.0942178838602631
T3,,,Assembly Machine 1,Low Capacity Cutting Machine 1,Laser Cutter,,0.5,0.0942178838602631
T3,,,Assembly Machine 1,Laser Cutter,Riveting Machine,,0.5,0.0942178838602631
T3,,,Riveting Machine,Low Capacity Cutting Machine 1,Assembly Machine 1,,0.5,0.0942178838602631
T3,,,Riveting Machine,Low Capacity Cutting Machine 1,Large Capacity Cutting Machine 1,,0.5,0.0942178838602631
T3,,,Riveting Machine,Low Capacity Cutting Machine 1,Medium Capacity Cutting Machine 1,,0.5,0.0942178838602631
T3,,,Riveting Machine,Testing Machine 1,Low Capacity Cutting Machine 1,,0.5,0.0942178838602631
T3,,,Riveting Machine,Testing Machine 1,Laser Cutter,,0.5,0.0942178838602631
T3,,,Low Capacity Cutting Machine 1,Testing Machine 1,Riveting Machine,,0.5,0.0942178838602631
T3,,,Medium Capacity Cutting Machine 1,Riveting Machine,Low Capacity Cutting Machine 1,,0.5,0.0942178838602631
T3,,,Laser Cutter,Low Capacity Cutting Machine 1,Medium Capacity Cutting Machine 1,,0.5,0.0942178838602631
T3,,,Assembly Machine 1,Riveting Machine,Laser Cutter,,0.5,0.0942178838602631
T3,,,Riveting Machine,Laser Cutter,Assembly Machine 1,,0.5,0.0942178838602631
T3,,,Riveting Machine,Laser Cutter,Large Capacity Cutting Machine 1,,0.5,0.0942178838602631
T3,,,Low Capacity Cutting Machine 1,Riveting Machine,Large Capacity Cutting Machine 1,,0.5,0.0942178838602631
T3,,,Laser Cutter,Testing Machine 1,Riveting Machine,,0.5,0.0942178838602631
T3,,,Laser Cutter,Riveting Machine,Large Capacity Cutting Machine 1,,0.5,0.0942178838602631
T3,,,Medium Capacity Cutting Machine 1,Low Capacity Cutting Machine 1,Laser Cutter,,0.5,0.0942178838602631
T3,,,Laser Cutter,Testing Machine 1,Low Capacity Cutting Machine 1,,0.5,0.0942178838602631
T3,,,Testing Machine 1,Assembly Machine 3,Medium Capacity Cutting Machine 3,,0.4994505494505494,0.0932225188974722
T3,,,Testing Machine 1,Assembly Machine 2,Large Capacity Cutting Machine 2,,0.4994505494505494,0.0932225188974722
T3,,,Testing Machine 1,Large Capacity Cutting Machine 2,Medium Capacity Cutting Machine 3,,0.4994505494505494,0.0932225188974722
T3,,,Testing Machine 1,Laser Welding Machine 1,Medium Capacity Cutting Machine 2,,0.4989010989010988,0.0922271539346812
T3,,,Riveting Machine,Medium Capacity Cutting Machine 2,Laser Welding Machine 1,,0.4987179487179487,0.091895365613751
T3,,,Low Capacity Cutting Machine 1,Medium Capacity Cutting Machine 2,Laser Welding Machine 1,,0.4987179487179487,0.091895365613751
T3,,,Laser Cutter,Medium Capacity Cutting Machine 2,Laser Welding Machine 1,,0.4987179487179487,0.091895365613751
T3,,,Medium Capacity Cutting Machine 2,Assembly Machine 3,Laser Welding Machine 2,,0.493956043956044,0.083268869269563
T3,,,Medium Capacity Cutting Machine 2,Large Capacity Cutting Machine 2,Laser Welding Machine 2,,0.493956043956044,0.083268869269563
T3,,,Low Capacity Cutting Machine 1,Testing Machine 3,Assembly Machine 2,,0.4935897435897436,0.0826052926277024
T3,,,Riveting Machine,Testing Machine 3,Assembly Machine 2,,0.4935897435897436,0.0826052926277024
T3,,,Laser Cutter,Testing Machine 3,Assembly Machine 2,,0.4935897435897436,0.0826052926277024
T3,,,Medium Capacity Cutting Machine 2,Riveting Machine,Testing Machine 3,,0.4931318681318681,0.0817758218253767
T3,,,Medium Capacity Cutting Machine 2,Low Capacity Cutting Machine 1,Testing Machine 3,,0.4931318681318681,0.0817758218253767
T3,,,Medium Capacity Cutting Machine 2,Laser Cutter,Testing Machine 3,,0.4931318681318681,0.0817758218253767
T3,,,Large Capacity Cutting Machine 1,Assembly Machine 2,Riveting Machine,,0.4928571428571429,0.0812781393439812
T3,,,Laser Welding Machine 1,Assembly Machine 2,Laser Cutter,,0.4928571428571429,0.0812781393439812
T3,,,Laser Welding Machine 1,Assembly Machine 2,Low Capacity Cutting Machine 1,,0.4928571428571429,0.0812781393439812
T3,,,Laser Welding Machine 1,Assembly Machine 2,Riveting Machine,,0.4928571428571429,0.0812781393439812
T3,,,Large Capacity Cutting Machine 1,Assembly Machine 2,Low Capacity Cutting Machine 1,,0.4928571428571429,0.0812781393439812
T3,,,Large Capacity Cutting Machine 1,Assembly Machine 2,Laser Cutter,,0.4928571428571429,0.0812781393439812
T3,,,Testing Machine 1,Laser Welding Machine 2,Low Capacity Cutting Machine 1,,0.4904761904761905,0.0769648911718872
T3,,,Testing Machine 1,Laser Welding Machine 2,Riveting Machine,,0.4904761904761905,0.0769648911718872
T3,,,Testing Machine 1,Laser Welding Machine 2,Laser Cutter,,0.4904761904761905,0.0769648911718872
T3,,,Medium Capacity Cutting Machine 3,Riveting Machine,Laser Welding Machine 1,,0.4903846153846154,0.0767989970114221
T3,,,Medium Capacity Cutting Machine 3,Low Capacity Cutting Machine 1,Laser Welding Machine 1,,0.4903846153846154,0.0767989970114221
T3,,,Medium Capacity Cutting Machine 3,Laser Cutter,Laser Welding Machine 1,,0.4903846153846154,0.0767989970114221
T3,,,Large Capacity Cutting Machine 1,Riveting Machine,Medium Capacity Cutting Machine 3,,0.4890109890109889,0.0743105846044446
T3,,,Laser Welding Machine 1,Low Capacity Cutting Machine 1,Medium Capacity Cutting Machine 3,,0.4890109890109889,0.0743105846044446
T3,,,Large Capacity Cutting Machine 1,Low Capacity Cutting Machine 1,Medium Capacity Cutting Machine 3,,0.4890109890109889,0.0743105846044446
T3,,,Laser Welding Machine 1,Riveting Machine,Medium Capacity Cutting Machine 3,,0.4890109890109889,0.0743105846044446
T3,,,Laser Welding Machine 1,Laser Cutter,Medium Capacity Cutting Machine 3,,0.4890109890109889,0.0743105846044446
T3,,,Large Capacity Cutting Machine 1,Laser Cutter,Medium Capacity Cutting Machine 3,,0.4890109890109889,0.0743105846044446
T3,,,Laser Welding Machine 2,Assembly Machine 2,Medium Capacity Cutting Machine 3,,0.4887362637362638,0.0738129021230493
T3,,,Large Capacity Cutting Machine 2,Assembly Machine 2,Medium Capacity Cutting Machine 3,,0.4887362637362638,0.0738129021230493
T3,,,Testing Machine 2,Assembly Machine 2,Medium Capacity Cutting Machine 3,,0.4887362637362638,0.0738129021230493
T3,,,Testing Machine 2,Medium Capacity Cutting Machine 1,Assembly Machine 3,,0.4887362637362637,0.0738129021230492
T3,,,Laser Welding Machine 2,Medium Capacity Cutting Machine 1,Assembly Machine 3,,0.4887362637362637,0.0738129021230492
T3,,,Assembly Machine 3,Medium Capacity Cutting Machine 1,Testing Machine 2,,0.4887362637362637,0.0738129021230492
T3,,,Testing Machine 2,Medium Capacity Cutting Machine 1,Large Capacity Cutting Machine 2,,0.4887362637362637,0.0738129021230492
T3,,,Assembly Machine 3,Medium Capacity Cutting Machine 1,Large Capacity Cutting Machine 2,,0.4887362637362637,0.0738129021230492
T3,,,Large Capacity Cutting Machine 2,Medium Capacity Cutting Machine 1,Assembly Machine 3,,0.4887362637362637,0.0738129021230492
T3,,,Large Capacity Cutting Machine 2,Medium Capacity Cutting Machine 1,Testing Machine 2,,0.4887362637362637,0.0738129021230492
T3,,,Laser Welding Machine 2,Medium Capacity Cutting Machine 1,Testing Machine 2,,0.4887362637362637,0.0738129021230492
T3,,,Laser Welding Machine 2,Medium Capacity Cutting Machine 1,Large Capacity Cutting Machine 2,,0.4887362637362637,0.0738129021230492
T3,,,Laser Cutter,Assembly Machine 3,Testing Machine 1,,0.4884615384615384,0.0733152196416538
T3,,,Laser Cutter,Large Capacity Cutting Machine 2,Testing Machine 1,,0.4884615384615384,0.0733152196416538
T3,,,Low Capacity Cutting Machine 1,Assembly Machine 3,Testing Machine 1,,0.4884615384615384,0.0733152196416538
T3,,,Riveting Machine,Large Capacity Cutting Machine 2,Testing Machine 1,,0.4884615384615384,0.0733152196416538
T3,,,Low Capacity Cutting Machine 1,Large Capacity Cutting Machine 2,Testing Machine 1,,0.4884615384615384,0.0733152196416538
T3,,,Riveting Machine,Assembly Machine 3,Testing Machine 1,,0.4884615384615384,0.0733152196416538
T3,,,Medium Capacity Cutting Machine 2,Testing Machine 2,Large Capacity Cutting Machine 2,,0.4875457875457876,0.0716562780370023
T3,,,Medium Capacity Cutting Machine 2,Testing Machine 2,Assembly Machine 3,,0.4875457875457876,0.0716562780370023
T3,,,Laser Cutter,Medium Capacity Cutting Machine 3,Testing Machine 3,,0.4871794871794872,0.0709927013951417
T3,,,Low Capacity Cutting Machine 1,Medium Capacity Cutting Machine 3,Testing Machine 3,,0.4871794871794872,0.0709927013951417
T3,,,Riveting Machine,Medium Capacity Cutting Machine 3,Testing Machine 3,,0.4871794871794872,0.0709927013951417
T3,,,Assembly Machine 2,Large Capacity Cutting Machine 2,Laser Cutter,,0.4857142857142857,0.0683383948276992
T3,,,Assembly Machine 2,Large Capacity Cutting Machine 2,Riveting Machine,,0.4857142857142857,0.0683383948276992
T3,,,Assembly Machine 2,Large Capacity Cutting Machine 2,Low Capacity Cutting Machine 1,,0.4857142857142857,0.0683383948276992
T3,,,Large Capacity Cutting Machine 1,Laser Welding Machine 1,Assembly Machine 3,,0.4851648351648351,0.0673430298649082
T3,,,Large Capacity Cutting Machine 1,Laser Welding Machine 1,Testing Machine 2,,0.4851648351648351,0.0673430298649082
T3,,,Assembly Machine 3,Laser Cutter,Testing Machine 1,,0.4848901098901098,0.0668453473835126
T3,,,Assembly Machine 3,Riveting Machine,Testing Machine 1,,0.4848901098901098,0.0668453473835126
T3,,,Large Capacity Cutting Machine 2,Laser Cutter,Testing Machine 1,,0.4848901098901098,0.0668453473835126
T3,,,Assembly Machine 3,Low Capacity Cutting Machine 1,Testing Machine 1,,0.4848901098901098,0.0668453473835126
T3,,,Laser Welding Machine 2,Riveting Machine,Testing Machine 1,,0.4848901098901098,0.0668453473835126
T3,,,Laser Welding Machine 2,Laser Cutter,Testing Machine 1,,0.4848901098901098,0.0668453473835126
T3,,,Laser Welding Machine 2,Low Capacity Cutting Machine 1,Testing Machine 1,,0.4848901098901098,0.0668453473835126
T3,,,Large Capacity Cutting Machine 2,Low Capacity Cutting Machine 1,Testing Machine 1,,0.4848901098901098,0.0668453473835126
T3,,,Large Capacity Cutting Machine 2,Riveting Machine,Testing Machine 1,,0.4848901098901098,0.0668453473835126
T3,,,Assembly Machine 3,Medium Capacity Cutting Machine 2,Testing Machine 3,,0.4836080586080586,0.0645228291370007
T3,,,Large Capacity Cutting Machine 2,Medium Capacity Cutting Machine 2,Testing Machine 3,,0.4836080586080586,0.0645228291370007
T3,,,Laser Welding Machine 2,Medium Capacity Cutting Machine 2,Testing Machine 3,,0.4836080586080586,0.0645228291370007
T3,,,Low Capacity Cutting Machine 1,Testing Machine 2,Laser Welding Machine 1,,0.4820512820512821,0.0617026284090932
T3,,,Laser Cutter,Testing Machine 2,Laser Welding Machine 1,,0.4820512820512821,0.0617026284090932
T3,,,Riveting Machine,Testing Machine 2,Laser Welding Machine 1,,0.4820512820512821,0.0617026284090932
T3,,,Low Capacity Cutting Machine 1,Laser Welding Machine 2,Medium Capacity Cutting Machine 3,,0.4794871794871794,0.0570575919160687
T3,,,Laser Cutter,Laser Welding Machine 2,Medium Capacity Cutting Machine 3,,0.4794871794871794,0.0570575919160687
T3,,,Riveting Machine,Laser Welding Machine 2,Medium Capacity Cutting Machine 3,,0.4794871794871794,0.0570575919160687
T3,,,Medium Capacity Cutting Machine 3,Assembly Machine 3,Testing Machine 3,,0.4788461538461538,0.0558963327928127
T3,,,Medium Capacity Cutting Machine 3,Large Capacity Cutting Machine 2,Testing Machine 3,,0.4788461538461538,0.0558963327928127
T3,,,Large Capacity Cutting Machine 2,Testing Machine 3,Laser Welding Machine 1,,0.4784798534798535,0.0552327561509522
T3,,,Large Capacity Cutting Machine 2,Medium Capacity Cutting Machine 3,Laser Welding Machine 2,,0.4784798534798535,0.0552327561509522
T3,,,Testing Machine 2,Medium Capacity Cutting Machine 3,Laser Welding Machine 2,,0.4784798534798535,0.0552327561509522
T3,,,Assembly Machine 3,Medium Capacity Cutting Machine 3,Laser Welding Machine 2,,0.4784798534798535,0.0552327561509522
T3,,,Assembly Machine 3,Testing Machine 3,Laser Welding Machine 1,,0.4784798534798535,0.0552327561509522
T3,,,Assembly Machine 2,Laser Cutter,Large Capacity Cutting Machine 2,,0.4780219780219779,0.0544032853486262
T3,,,Assembly Machine 2,Low Capacity Cutting Machine 1,Large Capacity Cutting Machine 2,,0.4780219780219779,0.0544032853486262
T3,,,Assembly Machine 2,Laser Cutter,Testing Machine 2,,0.4780219780219779,0.0544032853486262
T3,,,Assembly Machine 2,Low Capacity Cutting Machine 1,Testing Machine 2,,0.4780219780219779,0.0544032853486262
T3,,,Assembly Machine 2,Riveting Machine,Large Capacity Cutting Machine 2,,0.4780219780219779,0.0544032853486262
T3,,,Assembly Machine 2,Riveting Machine,Testing Machine 2,,0.4780219780219779,0.0544032853486262
T3,,,Large Capacity Cutting Machine 1,Assembly Machine 3,Medium Capacity Cutting Machine 2,,0.4774725274725274,0.0534079203858353
T3,,,Laser Welding Machine 1,Assembly Machine 3,Medium Capacity Cutting Machine 2,,0.4774725274725274,0.0534079203858353
T3,,,Laser Welding Machine 1,Large Capacity Cutting Machine 2,Medium Capacity Cutting Machine 2,,0.4774725274725274,0.0534079203858353
T3,,,Low Capacity Cutting Machine 1,Laser Welding Machine 1,Assembly Machine 2,,0.4769230769230769,0.0524125554230444
T3,,,Laser Cutter,Laser Welding Machine 1,Assembly Machine 2,,0.4769230769230769,0.0524125554230444
T3,,,Riveting Machine,Laser Welding Machine 1,Assembly Machine 2,,0.4769230769230769,0.0524125554230444
T3,,,Laser Welding Machine 1,Medium Capacity Cutting Machine 3,Riveting Machine,,0.4761904761904761,0.0510854021393232
T3,,,Large Capacity Cutting Machine 1,Medium Capacity Cutting Machine 3,Laser Cutter,,0.4761904761904761,0.0510854021393232
T3,,,Laser Welding Machine 1,Medium Capacity Cutting Machine 3,Low Capacity Cutting Machine 1,,0.4761904761904761,0.0510854021393232
T3,,,Large Capacity Cutting Machine 1,Medium Capacity Cutting Machine 3,Low Capacity Cutting Machine 1,,0.4761904761904761,0.0510854021393232
T3,,,Large Capacity Cutting Machine 1,Medium Capacity Cutting Machine 3,Riveting Machine,,0.4761904761904761,0.0510854021393232
T3,,,Laser Welding Machine 1,Medium Capacity Cutting Machine 3,Laser Cutter,,0.4761904761904761,0.0510854021393232
T3,,,Laser Welding Machine 2,Large Capacity Cutting Machine 2,Assembly Machine 2,,0.4733516483516483,0.0459426831649035
T3,,,Testing Machine 2,Large Capacity Cutting Machine 2,Assembly Machine 2,,0.4733516483516483,0.0459426831649035
T3,,,Medium Capacity Cutting Machine 2,Laser Welding Machine 2,Laser Cutter,,0.4726190476190476,0.0446155298811822
T3,,,Medium Capacity Cutting Machine 2,Laser Welding Machine 2,Low Capacity Cutting Machine 1,,0.4726190476190476,0.0446155298811822
T3,,,Medium Capacity Cutting Machine 2,Laser Welding Machine 2,Riveting Machine,,0.4726190476190476,0.0446155298811822
T3,,,Testing Machine 1,Low Capacity Cutting Machine 1,Laser Welding Machine 1,,0.4725274725274725,0.0444496357207171
T3,,,Testing Machine 1,Riveting Machine,Laser Welding Machine 1,,0.4725274725274725,0.0444496357207171
T3,,,Testing Machine 1,Laser Cutter,Laser Welding Machine 1,,0.4725274725274725,0.0444496357207171
T3,,,Medium Capacity Cutting Machine 3,Testing Machine 2,Laser Welding Machine 2,,0.4724358974358974,0.0442837415602519
T3,,,Testing Machine 3,Laser Welding Machine 1,Low Capacity Cutting Machine 1,,0.4714285714285714,0.0424589057951353
T3,,,Testing Machine 3,Laser Welding Machine 1,Riveting Machine,,0.4714285714285714,0.0424589057951353
T3,,,Testing Machine 3,Laser Welding Machine 1,Laser Cutter,,0.4714285714285714,0.0424589057951353
T3,,,Medium Capacity Cutting Machine 2,Assembly Machine 2,Testing Machine 2,,0.4708791208791208,0.0414635408323443
T3,,,Medium Capacity Cutting Machine 2,Assembly Machine 2,Large Capacity Cutting Machine 2,,0.4708791208791208,0.0414635408323443
T3,,,Large Capacity Cutting Machine 1,Riveting Machine,Testing Machine 3,,0.4697802197802198,0.0394728109067625
T3,,,Large Capacity Cutting Machine 1,Laser Cutter,Testing Machine 3,,0.4697802197802198,0.0394728109067625
T3,,,Large Capacity Cutting Machine 1,Low Capacity Cutting Machine 1,Testing Machine 3,,0.4697802197802198,0.0394728109067625
T3,,,Laser Welding Machine 1,Laser Cutter,Testing Machine 3,,0.4697802197802198,0.0394728109067625
T3,,,Laser Welding Machine 1,Riveting Machine,Testing Machine 3,,0.4697802197802198,0.0394728109067625
T3,,,Laser Welding Machine 1,Low Capacity Cutting Machine 1,Testing Machine 3,,0.4697802197802198,0.0394728109067625
T3,,,Laser Welding Machine 1,Medium Capacity Cutting Machine 2,Assembly Machine 3,,0.4684981684981685,0.0371502926602504
T3,,,Laser Welding Machine 1,Medium Capacity Cutting Machine 2,Large Capacity Cutting Machine 2,,0.4684981684981685,0.0371502926602504
T3,,,Laser Welding Machine 1,Medium Capacity Cutting Machine 2,Testing Machine 2,,0.4684981684981685,0.0371502926602504
T3,,,Large Capacity Cutting Machine 1,Medium Capacity Cutting Machine 2,Assembly Machine 3,,0.4684981684981685,0.0371502926602504
T3,,,Large Capacity Cutting Machine 1,Medium Capacity Cutting Machine 2,Testing Machine 2,,0.4684981684981685,0.0371502926602504
T3,,,Testing Machine 1,Medium Capacity Cutting Machine 3,Assembly Machine 3,,0.4661172161172161,0.0328370444881564
T3,,,Testing Machine 1,Medium Capacity Cutting Machine 3,Large Capacity Cutting Machine 2,,0.4661172161172161,0.0328370444881564
T3,,,Laser Cutter,Assembly Machine 2,Laser Welding Machine 1,,0.4653846153846154,0.0315098912044352
T3,,,Riveting Machine,Assembly Machine 2,Laser Welding Machine 1,,0.4653846153846154,0.0315098912044352
T3,,,Low Capacity Cutting Machine 1,Assembly Machine 2,Laser Welding Machine 1,,0.4653846153846154,0.0315098912044352
T3,,,Riveting Machine,Medium Capacity Cutting Machine 1,Laser Welding Machine 2,,0.4653846153846153,0.0315098912044351
T3,,,Low Capacity Cutting Machine 1,Medium Capacity Cutting Machine 1,Laser Welding Machine 2,,0.4653846153846153,0.0315098912044351
T3,,,Laser Cutter,Medium Capacity Cutting Machine 1,Laser Welding Machine 2,,0.4653846153846153,0.0315098912044351
T3,,,Assembly Machine 3,Laser Welding Machine 2,Medium Capacity Cutting Machine 2,,0.4643772893772894,0.0296850554393185
T3,,,Large Capacity Cutting Machine 2,Laser Welding Machine 2,Medium Capacity Cutting Machine 2,,0.4643772893772894,0.0296850554393185
T3,,,Testing Machine 2,Laser Welding Machine 2,Medium Capacity Cutting Machine 2,,0.4643772893772894,0.0296850554393185
T3,,,Testing Machine 3,Large Capacity Cutting Machine 2,Assembly Machine 3,,0.4637362637362637,0.0285237963160624
T3,,,Testing Machine 3,Assembly Machine 3,Large Capacity Cutting Machine 2,,0.4637362637362637,0.0285237963160624
T3,,,Testing Machine 1,Medium Capacity Cutting Machine 2,Laser Welding Machine 2,,0.463003663003663,0.0271966430323412
T3,,,Medium Capacity Cutting Machine 2,Testing Machine 3,Laser Welding Machine 2,,0.4606227106227106,0.0228833948602472
T3,,,Riveting Machine,Laser Welding Machine 2,Testing Machine 3,,0.4602564102564103,0.0222198182183866
T3,,,Low Capacity Cutting Machine 1,Laser Welding Machine 2,Testing Machine 3,,0.4602564102564103,0.0222198182183866
T3,,,Laser Cutter,Laser Welding Machine 2,Testing Machine 3,,0.4602564102564103,0.0222198182183866
T3,,,Low Capacity Cutting Machine 1,Medium Capacity Cutting Machine 2,Assembly Machine 2,,0.4602564102564102,0.0222198182183864
T3,,,Riveting Machine,Medium Capacity Cutting Machine 2,Assembly Machine 2,,0.4602564102564102,0.0222198182183864
T3,,,Laser Cutter,Medium Capacity Cutting Machine 2,Assembly Machine 2,,0.4602564102564102,0.0222198182183864
T3,,,Large Capacity Cutting Machine 1,Assembly Machine 3,Laser Welding Machine 2,,0.4582417582417583,0.0185701466881533
T3,,,Testing Machine 1,Medium Capacity Cutting Machine 1,Low Capacity Cutting Machine 1,,0.4571428571428571,0.0165794167625713
T3,,,Testing Machine 1,Medium Capacity Cutting Machine 1,Laser Cutter,,0.4571428571428571,0.0165794167625713
T3,,,Testing Machine 1,Medium Capacity Cutting Machine 1,Riveting Machine,,0.4571428571428571,0.0165794167625713
T3,,,Testing Machine 3,Laser Cutter,Medium Capacity Cutting Machine 2,,0.456043956043956,0.0145886868369894
T3,,,Testing Machine 3,Riveting Machine,Medium Capacity Cutting Machine 2,,0.456043956043956,0.0145886868369894
T3,,,Testing Machine 3,Low Capacity Cutting Machine 1,Medium Capacity Cutting Machine 2,,0.456043956043956,0.0145886868369894
T3,,,Assembly Machine 3,Large Capacity Cutting Machine 1,Testing Machine 2,,0.4554029304029303,0.0134274277137333
T3,,,Laser Welding Machine 2,Assembly Machine 1,Large Capacity Cutting Machine 2,,0.4554029304029303,0.0134274277137333
T3,,,Testing Machine 2,Assembly Machine 1,Large Capacity Cutting Machine 2,,0.4554029304029303,0.0134274277137333
T3,,,Laser Welding Machine 2,Large Capacity Cutting Machine 1,Assembly Machine 3,,0.4554029304029303,0.0134274277137333
T3,,,Laser Welding Machine 2,Large Capacity Cutting Machine 1,Testing Machine 2,,0.4554029304029303,0.0134274277137333
T3,,,Laser Welding Machine 2,Assembly Machine 1,Testing Machine 2,,0.4554029304029303,0.0134274277137333
T3,,,Testing Machine 2,Large Capacity Cutting Machine 1,Assembly Machine 3,,0.4554029304029303,0.0134274277137333
T3,,,Large Capacity Cutting Machine 2,Assembly Machine 1,Testing Machine 2,,0.4554029304029303,0.0134274277137333
T3,,,Large Capacity Cutting Machine 1,Laser Welding Machine 2,Laser Cutter,,0.4547619047619048,0.0122661685904775
T3,,,Testing Machine 3,Medium Capacity Cutting Machine 2,Riveting Machine,,0.4547619047619048,0.0122661685904775
T3,,,Testing Machine 3,Medium Capacity Cutting Machine 2,Low Capacity Cutting Machine 1,,0.4547619047619048,0.0122661685904775
T3,,,Testing Machine 3,Medium Capacity Cutting Machine 2,Laser Cutter,,0.4547619047619048,0.0122661685904775
T3,,,Large Capacity Cutting Machine 1,Laser Welding Machine 2,Low Capacity Cutting Machine 1,,0.4547619047619048,0.0122661685904775
T3,,,Large Capacity Cutting Machine 1,Laser Welding Machine 2,Riveting Machine,,0.4547619047619048,0.0122661685904775
T3,,,Medium Capacity Cutting Machine 2,Low Capacity Cutting Machine 1,Laser Welding Machine 1,,0.4546703296703297,0.0121002744300123
T3,,,Medium Capacity Cutting Machine 2,Laser Cutter,Laser Welding Machine 1,,0.4546703296703297,0.0121002744300123
T3,,,Medium Capacity Cutting Machine 2,Riveting Machine,Laser Welding Machine 1,,0.4546703296703297,0.0121002744300123
T3,,,Assembly Machine 2,Testing Machine 3,Low Capacity Cutting Machine 1,,0.4523809523809524,0.0079529204183834
T3,,,Assembly Machine 2,Testing Machine 3,Riveting Machine,,0.4523809523809524,0.0079529204183834
T3,,,Assembly Machine 2,Testing Machine 3,Laser Cutter,,0.4523809523809524,0.0079529204183834
T3,,,Medium Capacity Cutting Machine 3,Laser Cutter,Assembly Machine 2,,0.4519230769230768,0.0071234496160575
T3,,,Medium Capacity Cutting Machine 3,Low Capacity Cutting Machine 1,Assembly Machine 2,,0.4519230769230768,0.0071234496160575
T3,,,Medium Capacity Cutting Machine 3,Riveting Machine,Assembly Machine 2,,0.4519230769230768,0.0071234496160575
T3,,,Large Capacity Cutting Machine 1,Testing Machine 2,Assembly Machine 3,,0.4518315018315018,0.0069575554555924
T3,,,Laser Welding Machine 1,Testing Machine 2,Large Capacity Cutting Machine 2,,0.4518315018315018,0.0069575554555924
T3,,,Laser Welding Machine 1,Testing Machine 2,Assembly Machine 3,,0.4518315018315018,0.0069575554555924
T3,,,Low Capacity Cutting Machine 1,Large Capacity Cutting Machine 1,Medium Capacity Cutting Machine 2,,0.4512820512820512,0.0059621904928015
T3,,,Low Capacity Cutting Machine 1,Assembly Machine 1,Medium Capacity Cutting Machine 2,,0.4512820512820512,0.0059621904928015
T3,,,Laser Cutter,Assembly Machine 1,Medium Capacity Cutting Machine 2,,0.4512820512820512,0.0059621904928015
T3,,,Riveting Machine,Large Capacity Cutting Machine 1,Medium Capacity Cutting Machine 2,,0.4512820512820512,0.0059621904928015
T3,,,Riveting Machine,Assembly Machine 1,Medium Capacity Cutting Machine 2,,0.4512820512820512,0.0059621904928015
T3,,,Laser Cutter,Large Capacity Cutting Machine 1,Medium Capacity Cutting Machine 2,,0.4512820512820512,0.0059621904928015
T3,,,Medium Capacity Cutting Machine 3,Laser Welding Machine 2,Testing Machine 2,,0.4506410256410256,0.0048009313695454
T3,,,Medium Capacity Cutting Machine 3,Laser Welding Machine 2,Large Capacity Cutting Machine 2,,0.4506410256410256,0.0048009313695454
T3,,,Medium Capacity Cutting Machine 3,Laser Welding Machine 2,Assembly Machine 3,,0.4506410256410256,0.0048009313695454
T3,,,Large Capacity Cutting Machine 2,Assembly Machine 2,Testing Machine 3,,0.4502747252747253,0.0041373547276849
T3,,,Laser Welding Machine 2,Assembly Machine 2,Testing Machine 3,,0.4502747252747253,0.0041373547276849
T3,,,Laser Cutter,Large Capacity Cutting Machine 2,Medium Capacity Cutting Machine 1,,0.4499999999999999,0.0036396722462893
T3,,,Riveting Machine,Assembly Machine 3,Large Capacity Cutting Machine 1,,0.4499999999999999,0.0036396722462893
T3,,,Assembly Machine 1,Large Capacity Cutting Machine 2,Low Capacity Cutting Machine 1,,0.4499999999999999,0.0036396722462893
T3,,,Assembly Machine 1,Large Capacity Cutting Machine 2,Riveting Machine,,0.4499999999999999,0.0036396722462893
T3,,,Riveting Machine,Assembly Machine 3,Medium Capacity Cutting Machine 1,,0.4499999999999999,0.0036396722462893
T3,,,Medium Capacity Cutting Machine 1,Assembly Machine 3,Laser Cutter,,0.4499999999999999,0.0036396722462893
T3,,,Medium Capacity Cutting Machine 1,Assembly Machine 3,Riveting Machine,,0.4499999999999999,0.0036396722462893
T3,,,Medium Capacity Cutting Machine 1,Large Capacity Cutting Machine 2,Low Capacity Cutting Machine 1,,0.4499999999999999,0.0036396722462893
T3,,,Riveting Machine,Large Capacity Cutting Machine 2,Medium Capacity Cutting Machine 1,,0.4499999999999999,0.0036396722462893
T3,,,Medium Capacity Cutting Machine 1,Assembly Machine 3,Low Capacity Cutting Machine 1,,0.4499999999999999,0.0036396722462893
T3,,,Medium Capacity Cutting Machine 1,Large Capacity Cutting Machine 2,Laser Cutter,,0.4499999999999999,0.0036396722462893
T3,,,Riveting Machine,Large Capacity Cutting Machine 2,Assembly Machine 1,,0.4499999999999999,0.0036396722462893
T3,,,Low Capacity Cutting Machine 1,Large Capacity Cutting Machine 2,Medium Capacity Cutting Machine 1,,0.4499999999999999,0.0036396722462893
T3,,,Assembly Machine 1,Large Capacity Cutting Machine 2,Laser Cutter,,0.4499999999999999,0.0036396722462893
T3,,,Low Capacity Cutting Machine 1,Large Capacity Cutting Machine 2,Assembly Machine 1,,0.4499999999999999,0.0036396722462893
T3,,,Laser Cutter,Large Capacity Cutting Machine 2,Assembly Machine 1,,0.4499999999999999,0.0036396722462893
T3,,,Medium Capacity Cutting Machine 1,Large Capacity Cutting Machine 2,Riveting Machine,,0.4499999999999999,0.0036396722462893
T3,,,Laser Cutter,Assembly Machine 3,Large Capacity Cutting Machine 1,,0.4499999999999999,0.0036396722462893
T3,,,Laser Cutter,Assembly Machine 3,Medium Capacity Cutting Machine 1,,0.4499999999999999,0.0036396722462893
T3,,,Low Capacity Cutting Machine 1,Assembly Machine 3,Large Capacity Cutting Machine 1,,0.4499999999999999,0.0036396722462893
T3,,,Low Capacity Cutting Machine 1,Assembly Machine 3,Medium Capacity Cutting Machine 1,,0.4499999999999999,0.0036396722462893
T3,,,Testing Machine 1,Laser Welding Machine 1,Medium Capacity Cutting Machine 3,,0.4494505494505494,0.0026443072834984
T3,,,Laser Cutter,Medium Capacity Cutting Machine 3,Laser Welding Machine 1,,0.4487179487179488,0.0013171539997774
T3,,,Riveting Machine,Medium Capacity Cutting Machine 3,Laser Welding Machine 1,,0.4487179487179488,0.0013171539997774
T3,,,Low Capacity Cutting Machine 1,Medium Capacity Cutting Machine 3,Laser Welding Machine 1,,0.4487179487179488,0.0013171539997774
T3,,,Laser Welding Machine 2,Laser Cutter,Medium Capacity Cutting Machine 1,,0.4464285714285714,0.0
T3,,,Laser Welding Machine 2,Laser Cutter,Large Capacity Cutting Machine 1,,0.4464285714285714,0.0
T3,,,Large Capacity Cutting Machine 2,Testing Machine 1,Laser Cutter,,0.4464285714285714,0.0
T3,,,Assembly Machine 3,Low Capacity Cutting Machine 1,Large Capacity Cutting Machine 1,,0.4464285714285714,0.0
T3,,,Laser Welding Machine 2,Riveting Machine,Medium Capacity Cutting Machine 1,,0.4464285714285714,0.0
T3,,,Laser Welding Machine 2,Testing Machine 1,Riveting Machine,,0.4464285714285714,0.0
T3,,,Large Capacity Cutting Machine 2,Riveting Machine,Assembly Machine 1,,0.4464285714285714,0.0
T3,,,Large Capacity Cutting Machine 2,Testing Machine 1,Low Capacity Cutting Machine 1,,0.4464285714285714,0.0
T3,,,Large Capacity Cutting Machine 2,Testing Machine 1,Riveting Machine,,0.4464285714285714,0.0
T3,,,Assembly Machine 3,Low Capacity Cutting Machine 1,Medium Capacity Cutting Machine 1,,0.4464285714285714,0.0
T3,,,Large Capacity Cutting Machine 2,Laser Cutter,Assembly Machine 1,,0.4464285714285714,0.0
T3,,,Large Capacity Cutting Machine 2,Laser Cutter,Medium Capacity Cutting Machine 1,,0.4464285714285714,0.0
T3,,,Assembly Machine 3,Laser Cutter,Medium Capacity Cutting Machine 1,,0.4464285714285714,0.0
T3,,,Testing Machine 2,Riveting Machine,Medium Capacity Cutting Machine 1,,0.4464285714285714,0.0
T3,,,Laser Welding Machine 2,Riveting Machine,Large Capacity Cutting Machine 1,,0.4464285714285714,0.0
T3,,,Assembly Machine 3,Laser Cutter,Large Capacity Cutting Machine 1,,0.4464285714285714,0.0
T3,,,Laser Welding Machine 2,Laser Cutter,Assembly Machine 1,,0.4464285714285714,0.0
T3,,,Assembly Machine 3,Riveting Machine,Large Capacity Cutting Machine 1,,0.4464285714285714,0.0
T3,,,Large Capacity Cutting Machine 2,Low Capacity Cutting Machine 1,Assembly Machine 1,,0.4464285714285714,0.0
T3,,,Laser Welding Machine 2,Low Capacity Cutting Machine 1,Assembly Machine 1,,0.4464285714285714,0.0
T3,,,Testing Machine 2,Low Capacity Cutting Machine 1,Medium Capacity Cutting Machine 1,,0.4464285714285714,0.0
T3,,,Testing Machine 2,Laser Cutter,Medium Capacity Cutting Machine 1,,0.4464285714285714,0.0
T3,,,Testing Machine 2,Laser Cutter,Assembly Machine 1,,0.4464285714285714,0.0
T3,,,Testing Machine 2,Laser Cutter,Large Capacity Cutting Machine 1,,0.4464285714285714,0.0
T3,,,Assembly Machine 3,Testing Machine 1,Low Capacity Cutting Machine 1,,0.4464285714285714,0.0
T3,,,Assembly Machine 3,Riveting Machine,Medium Capacity Cutting Machine 1,,0.4464285714285714,0.0
T3,,,Laser Welding Machine 2,Low Capacity Cutting Machine 1,Large Capacity Cutting Machine 1,,0.4464285714285714,0.0
T3,,,Laser Welding Machine 2,Low Capacity Cutting Machine 1,Medium Capacity Cutting Machine 1,,0.4464285714285714,0.0
T3,,,Laser Welding Machine 2,Testing Machine 1,Laser Cutter,,0.4464285714285714,0.0
T3,,,Assembly Machine 3,Testing Machine 1,Laser Cutter,,0.4464285714285714,0.0
T3,,,Testing Machine 2,Riveting Machine,Assembly Machine 1,,0.4464285714285714,0.0
T3,,,Large Capacity Cutting Machine 2,Low Capacity Cutting Machine 1,Medium Capacity Cutting Machine 1,,0.4464285714285714,0.0
T3,,,Large Capacity Cutting Machine 2,Riveting Machine,Medium Capacity Cutting Machine 1,,0.4464285714285714,0.0
T3,,,Assembly Machine 3,Testing Machine 1,Riveting Machine,,0.4464285714285714,0.0
T3,,,Testing Machine 2,Low Capacity Cutting Machine 1,Large Capacity Cutting Machine 1,,0.4464285714285714,0.0
T3,,,Testing Machine 2,Low Capacity Cutting Machine 1,Assembly Machine 1,,0.4464285714285714,0.0
T3,,,Laser Welding Machine 2,Riveting Machine,Assembly Machine 1,,0.4464285714285714,0.0
T3,,,Laser Welding Machine 2,Testing Machine 1,Low Capacity Cutting Machine 1,,0.4464285714285714,0.0
T3,,,Testing Machine 2,Riveting Machine,Large Capacity Cutting Machine 1,,0.4464285714285714,0.0
T3,,,Assembly Machine 3,Medium Capacity Cutting Machine 2,Laser Welding Machine 1,,0.4451465201465201,0.0
T3,,,Testing Machine 2,Medium Capacity Cutting Machine 2,Laser Welding Machine 1,,0.4451465201465201,0.0
T3,,,Large Capacity Cutting Machine 2,Medium Capacity Cutting Machine 2,Laser Welding Machine 1,,0.4451465201465201,0.0
T3,,,Laser Welding Machine 1,Testing Machine 3,Medium Capacity Cutting Machine 2,,0.4441391941391941,0.0
T3,,,Large Capacity Cutting Machine 1,Testing Machine 3,Medium Capacity Cutting Machine 2,,0.4441391941391941,0.0
T3,,,Riveting Machine,Testing Machine 2,Assembly Machine 2,,0.4435897435897435,0.0
T3,,,Laser Cutter,Testing Machine 2,Assembly Machine 2,,0.4435897435897435,0.0
T3,,,Low Capacity Cutting Machine 1,Testing Machine 2,Assembly Machine 2,,0.4435897435897435,0.0
T3,,,Medium Capacity Cutting Machine 2,Assembly Machine 3,Testing Machine 3,,0.4431318681318681,0.0
T3,,,Medium Capacity Cutting Machine 2,Large Capacity Cutting Machine 2,Testing Machine 3,,0.4431318681318681,0.0
T3,,,Low Capacity Cutting Machine 1,Testing Machine 1,Large Capacity Cutting Machine 2,,0.4423076923076923,0.0
T3,,,Assembly Machine 1,Riveting Machine,Testing Machine 2,,0.4423076923076923,0.0
T3,,,Assembly Machine 1,Low Capacity Cutting Machine 1,Testing Machine 2,,0.4423076923076923,0.0
T3,,,Assembly Machine 1,Low Capacity Cutting Machine 1,Large Capacity Cutting Machine 2,,0.4423076923076923,0.0
T3,,,Assembly Machine 1,Laser Cutter,Testing Machine 2,,0.4423076923076923,0.0
T3,,,Low Capacity Cutting Machine 1,Testing Machine 1,Assembly Machine 3,,0.4423076923076923,0.0
T3,,,Medium Capacity Cutting Machine 1,Low Capacity Cutting Machine 1,Large Capacity Cutting Machine 2,,0.4423076923076923,0.0
T3,,,Medium Capacity Cutting Machine 1,Low Capacity Cutting Machine 1,Testing Machine 2,,0.4423076923076923,0.0
T3,,,Assembly Machine 1,Riveting Machine,Large Capacity Cutting Machine 2,,0.4423076923076923,0.0
T3,,,Medium Capacity Cutting Machine 1,Low Capacity Cutting Machine 1,Assembly Machine 3,,0.4423076923076923,0.0
T3,,,Medium Capacity Cutting Machine 1,Laser Cutter,Testing Machine 2,,0.4423076923076923,0.0
T3,,,Medium Capacity Cutting Machine 1,Laser Cutter,Assembly Machine 3,,0.4423076923076923,0.0
T3,,,Assembly Machine 1,Laser Cutter,Large Capacity Cutting Machine 2,,0.4423076923076923,0.0
T3,,,Riveting Machine,Testing Machine 1,Assembly Machine 3,,0.4423076923076923,0.0
T3,,,Laser Cutter,Testing Machine 1,Large Capacity Cutting Machine 2,,0.4423076923076923,0.0
T3,,,Laser Cutter,Testing Machine 1,Assembly Machine 3,,0.4423076923076923,0.0
T3,,,Riveting Machine,Testing Machine 1,Large Capacity Cutting Machine 2,,0.4423076923076923,0.0
T3,,,Medium Capacity Cutting Machine 1,Riveting Machine,Large Capacity Cutting Machine 2,,0.4423076923076923,0.0
T3,,,Medium Capacity Cutting Machine 1,Riveting Machine,Assembly Machine 3,,0.4423076923076923,0.0
T3,,,Medium Capacity Cutting Machine 1,Riveting Machine,Testing Machine 2,,0.4423076923076923,0.0
T3,,,Medium Capacity Cutting Machine 1,Laser Cutter,Large Capacity Cutting Machine 2,,0.4423076923076923,0.0
T3,,,Testing Machine 1,Assembly Machine 2,Medium Capacity Cutting Machine 2,,0.4417582417582417,0.0
T3,,,Medium Capacity Cutting Machine 3,Assembly Machine 1,Riveting Machine,,0.4416666666666666,0.0
T3,,,Medium Capacity Cutting Machine 3,Assembly Machine 1,Laser Cutter,,0.4416666666666666,0.0
T3,,,Medium Capacity Cutting Machine 3,Assembly Machine 1,Low Capacity Cutting Machine 1,,0.4416666666666666,0.0
T3,,,Medium Capacity Cutting Machine 3,Large Capacity Cutting Machine 1,Riveting Machine,,0.4416666666666666,0.0
T3,,,Medium Capacity Cutting Machine 3,Large Capacity Cutting Machine 1,Low Capacity Cutting Machine 1,,0.4416666666666666,0.0
T3,,,Medium Capacity Cutting Machine 3,Large Capacity Cutting Machine 1,Laser Cutter,,0.4416666666666666,0.0
T3,,,Medium Capacity Cutting Machine 3,Large Capacity Cutting Machine 2,Laser Welding Machine 1,,0.4403846153846154,0.0
T3,,,Medium Capacity Cutting Machine 3,Assembly Machine 2,Laser Welding Machine 2,,0.4403846153846154,0.0
T3,,,Medium Capacity Cutting Machine 3,Assembly Machine 3,Laser Welding Machine 1,,0.4403846153846154,0.0
T3,,,Large Capacity Cutting Machine 2,Testing Machine 3,Assembly Machine 2,,0.440018315018315,0.0
T3,,,Laser Welding Machine 2,Testing Machine 3,Assembly Machine 2,,0.440018315018315,0.0
T3,,,Laser Welding Machine 1,Large Capacity Cutting Machine 2,Medium Capacity Cutting Machine 3,,0.439010989010989,0.0
T3,,,Laser Welding Machine 1,Assembly Machine 3,Medium Capacity Cutting Machine 3,,0.439010989010989,0.0
T3,,,Large Capacity Cutting Machine 1,Assembly Machine 3,Medium Capacity Cutting Machine 3,,0.439010989010989,0.0
T3,,,Riveting Machine,Laser Welding Machine 1,Testing Machine 1,,0.4384615384615384,0.0
T3,,,Laser Cutter,Laser Welding Machine 1,Testing Machine 1,,0.4384615384615384,0.0
T3,,,Low Capacity Cutting Machine 1,Laser Welding Machine 1,Testing Machine 1,,0.4384615384615384,0.0
T3,,,Large Capacity Cutting Machine 1,Riveting Machine,Laser Welding Machine 1,,0.4368131868131868,0.0
T3,,,Testing Machine 3,Low Capacity Cutting Machine 1,Laser Welding Machine 2,,0.4368131868131868,0.0
T3,,,Testing Machine 3,Laser Cutter,Laser Welding Machine 2,,0.4368131868131868,0.0
T3,,,Large Capacity Cutting Machine 1,Laser Cutter,Laser Welding Machine 1,,0.4368131868131868,0.0
T3,,,Large Capacity Cutting Machine 1,Low Capacity Cutting Machine 1,Laser Welding Machine 1,,0.4368131868131868,0.0
T3,,,Testing Machine 3,Riveting Machine,Laser Welding Machine 2,,0.4368131868131868,0.0
T3,,,Assembly Machine 2,Laser Welding Machine 1,Riveting Machine,,0.4357142857142856,0.0
T3,,,Assembly Machine 2,Laser Welding Machine 1,Laser Cutter,,0.4357142857142856,0.0
T3,,,Assembly Machine 2,Laser Welding Machine 1,Low Capacity Cutting Machine 1,,0.4357142857142856,0.0
T3,,,Large Capacity Cutting Machine 1,Assembly Machine 2,Testing Machine 2,,0.4351648351648352,0.0
T3,,,Laser Welding Machine 1,Assembly Machine 2,Large Capacity Cutting Machine 2,,0.4351648351648352,0.0
T3,,,Laser Welding Machine 1,Assembly Machine 2,Testing Machine 2,,0.4351648351648352,0.0
T3,,,Assembly Machine 3,Large Capacity Cutting Machine 2,Testing Machine 1,,0.4348901098901099,0.0
T3,,,Laser Welding Machine 2,Assembly Machine 3,Testing Machine 1,,0.4348901098901099,0.0
T3,,,Laser Welding Machine 2,Large Capacity Cutting Machine 2,Testing Machine 1,,0.4348901098901099,0.0
T3,,,Large Capacity Cutting Machine 2,Assembly Machine 3,Testing Machine 1,,0.4348901098901099,0.0
T3,,,Testing Machine 1,Riveting Machine,Assembly Machine 2,,0.4340659340659341,0.0
T3,,,Testing Machine 1,Low Capacity Cutting Machine 1,Assembly Machine 2,,0.4340659340659341,0.0
T3,,,Testing Machine 1,Laser Cutter,Assembly Machine 2,,0.4340659340659341,0.0
T3,,,Laser Welding Machine 2,Medium Capacity Cutting Machine 3,Testing Machine 3,,0.4336080586080586,0.0
T3,,,Large Capacity Cutting Machine 2,Medium Capacity Cutting Machine 3,Testing Machine 3,,0.4336080586080586,0.0
T3,,,Assembly Machine 3,Medium Capacity Cutting Machine 3,Testing Machine 3,,0.4336080586080586,0.0
T3,,,Testing Machine 1,Laser Welding Machine 2,Large Capacity Cutting Machine 2,,0.4327838827838828,0.0
T3,,,Testing Machine 1,Laser Welding Machine 2,Assembly Machine 3,,0.4327838827838828,0.0
T3,,,Low Capacity Cutting Machine 1,Assembly Machine 1,Laser Welding Machine 2,,0.432051282051282,0.0
T3,,,Riveting Machine,Assembly Machine 1,Laser Welding Machine 2,,0.432051282051282,0.0
T3,,,Laser Cutter,Assembly Machine 1,Laser Welding Machine 2,,0.432051282051282,0.0
T3,,,Riveting Machine,Large Capacity Cutting Machine 1,Laser Welding Machine 2,,0.432051282051282,0.0
T3,,,Low Capacity Cutting Machine 1,Large Capacity Cutting Machine 1,Laser Welding Machine 2,,0.432051282051282,0.0
T3,,,Laser Cutter,Large Capacity Cutting Machine 1,Laser Welding Machine 2,,0.432051282051282,0.0
T3,,,Medium Capacity Cutting Machine 3,Laser Welding Machine 1,Testing Machine 3,,0.4288461538461539,0.0
T3,,,Assembly Machine 3,Testing Machine 2,Laser Welding Machine 1,,0.4284798534798535,0.0
T3,,,Large Capacity Cutting Machine 2,Testing Machine 2,Laser Welding Machine 1,,0.4284798534798535,0.0
T3,,,Assembly Machine 2,Large Capacity Cutting Machine 2,Testing Machine 2,,0.428021978021978,0.0
T3,,,Large Capacity Cutting Machine 1,Laser Welding Machine 1,Medium Capacity Cutting Machine 2,,0.4274725274725274,0.0
T3,,,Riveting Machine,Medium Capacity Cutting Machine 1,Testing Machine 3,,0.4269230769230769,0.0
T3,,,Laser Cutter,Medium Capacity Cutting Machine 1,Testing Machine 3,,0.4269230769230769,0.0
T3,,,Low Capacity Cutting Machine 1,Medium Capacity Cutting Machine 1,Testing Machine 3,,0.4269230769230769,0.0
T3,,,Testing Machine 2,Laser Welding Machine 2,Medium Capacity Cutting Machine 3,,0.4259157509157509,0.0
T3,,,Large Capacity Cutting Machine 2,Laser Welding Machine 2,Medium Capacity Cutting Machine 3,,0.4259157509157509,0.0
T3,,,Assembly Machine 3,Laser Welding Machine 2,Medium Capacity Cutting Machine 3,,0.4259157509157509,0.0
T3,,,Large Capacity Cutting Machine 1,Testing Machine 3,Laser Welding Machine 2,,0.4249084249084249,0.0
T3,,,Testing Machine 1,Large Capacity Cutting Machine 1,Riveting Machine,,0.4238095238095238,0.0
T3,,,Testing Machine 1,Large Capacity Cutting Machine 1,Low Capacity Cutting Machine 1,,0.4238095238095238,0.0
T3,,,Testing Machine 1,Assembly Machine 1,Laser Cutter,,0.4238095238095238,0.0
T3,,,Testing Machine 1,Large Capacity Cutting Machine 1,Laser Cutter,,0.4238095238095238,0.0
T3,,,Testing Machine 1,Assembly Machine 1,Low Capacity Cutting Machine 1,,0.4238095238095238,0.0
T3,,,Testing Machine 1,Assembly Machine 1,Riveting Machine,,0.4238095238095238,0.0
T3,,,Large Capacity Cutting Machine 2,Laser Welding Machine 1,Assembly Machine 2,,0.4233516483516483,0.0
T3,,,Testing Machine 2,Laser Welding Machine 1,Assembly Machine 2,,0.4233516483516483,0.0
T3,,,Testing Machine 1,Large Capacity Cutting Machine 2,Laser Welding Machine 1,,0.4225274725274726,0.0
T3,,,Testing Machine 1,Assembly Machine 3,Laser Welding Machine 1,,0.4225274725274726,0.0
T3,,,Testing Machine 1,Assembly Machine 2,Laser Welding Machine 2,,0.4225274725274726,0.0
T3,,,Riveting Machine,Medium Capacity Cutting Machine 2,Testing Machine 1,,0.4217948717948718,0.0
T3,,,Laser Cutter,Medium Capacity Cutting Machine 2,Testing Machine 1,,0.4217948717948718,0.0
T3,,,Low Capacity Cutting Machine 1,Medium Capacity Cutting Machine 2,Testing Machine 1,,0.4217948717948718,0.0
T3,,,Testing Machine 3,Assembly Machine 2,Riveting Machine,,0.4214285714285715,0.0
T3,,,Testing Machine 3,Assembly Machine 2,Low Capacity Cutting Machine 1,,0.4214285714285715,0.0
T3,,,Testing Machine 3,Assembly Machine 2,Laser Cutter,,0.4214285714285715,0.0
T3,,,Large Capacity Cutting Machine 1,Medium Capacity Cutting Machine 1,Laser Cutter,,0.4214285714285714,0.0
T3,,,Laser Welding Machine 1,Medium Capacity Cutting Machine 1,Riveting Machine,,0.4214285714285714,0.0
T3,,,Laser Welding Machine 1,Medium Capacity Cutting Machine 1,Laser Cutter,,0.4214285714285714,0.0
T3,,,Laser Welding Machine 1,Medium Capacity Cutting Machine 1,Low Capacity Cutting Machine 1,,0.4214285714285714,0.0
T3,,,Large Capacity Cutting Machine 1,Medium Capacity Cutting Machine 1,Low Capacity Cutting Machine 1,,0.4214285714285714,0.0
T3,,,Large Capacity Cutting Machine 1,Medium Capacity Cutting Machine 1,Riveting Machine,,0.4214285714285714,0.0
T3,,,Assembly Machine 2,Riveting Machine,Medium Capacity Cutting Machine 2,,0.4203296703296703,0.0
T3,,,Assembly Machine 2,Low Capacity Cutting Machine 1,Medium Capacity Cutting Machine 2,,0.4203296703296703,0.0
T3,,,Assembly Machine 2,Laser Cutter,Medium Capacity Cutting Machine 2,,0.4203296703296703,0.0
T3,,,Laser Welding Machine 1,Assembly Machine 3,Testing Machine 3,,0.4197802197802198,0.0
T3,,,Laser Welding Machine 1,Large Capacity Cutting Machine 2,Testing Machine 3,,0.4197802197802198,0.0
T3,,,Large Capacity Cutting Machine 1,Assembly Machine 3,Testing Machine 3,,0.4197802197802198,0.0
T3,,,Assembly Machine 2,Medium Capacity Cutting Machine 2,Low Capacity Cutting Machine 1,,0.419047619047619,0.0
T3,,,Assembly Machine 2,Medium Capacity Cutting Machine 2,Laser Cutter,,0.419047619047619,0.0
T3,,,Assembly Machine 2,Medium Capacity Cutting Machine 2,Riveting Machine,,0.419047619047619,0.0
T3,,,Laser Welding Machine 1,Medium Capacity Cutting Machine 3,Assembly Machine 3,,0.4184981684981684,0.0
T3,,,Large Capacity Cutting Machine 1,Medium Capacity Cutting Machine 3,Assembly Machine 3,,0.4184981684981684,0.0
T3,,,Laser Welding Machine 1,Medium Capacity Cutting Machine 3,Large Capacity Cutting Machine 2,,0.4184981684981684,0.0
T3,,,Large Capacity Cutting Machine 1,Medium Capacity Cutting Machine 3,Testing Machine 2,,0.4184981684981684,0.0
T3,,,Laser Welding Machine 1,Medium Capacity Cutting Machine 3,Testing Machine 2,,0.4184981684981684,0.0
T3,,,Testing Machine 3,Riveting Machine,Medium Capacity Cutting Machine 3,,0.4175824175824175,0.0
T3,,,Testing Machine 3,Laser Cutter,Medium Capacity Cutting Machine 3,,0.4175824175824175,0.0
T3,,,Testing Machine 3,Low Capacity Cutting Machine 1,Medium Capacity Cutting Machine 3,,0.4175824175824175,0.0
T3,,,Assembly Machine 1,Testing Machine 3,Laser Cutter,,0.4166666666666667,0.0
T3,,,Assembly Machine 1,Testing Machine 3,Riveting Machine,,0.4166666666666667,0.0
T3,,,Medium Capacity Cutting Machine 1,Testing Machine 3,Riveting Machine,,0.4166666666666667,0.0
T3,,,Medium Capacity Cutting Machine 1,Testing Machine 3,Laser Cutter,,0.4166666666666667,0.0
T3,,,Assembly Machine 1,Testing Machine 3,Low Capacity Cutting Machine 1,,0.4166666666666667,0.0
T3,,,Medium Capacity Cutting Machine 1,Testing Machine 3,Low Capacity Cutting Machine 1,,0.4166666666666667,0.0
T3,,,Low Capacity Cutting Machine 1,Testing Machine 3,Medium Capacity Cutting Machine 1,,0.4166666666666667,0.0
T3,,,Laser Cutter,Testing Machine 3,Large Capacity Cutting Machine 1,,0.4166666666666667,0.0
T3,,,Laser Cutter,Testing Machine 3,Assembly Machine 1,,0.4166666666666667,0.0
T3,,,Riveting Machine,Testing Machine 3,Large Capacity Cutting Machine 1,,0.4166666666666667,0.0
T3,,,Riveting Machine,Testing Machine 3,Medium Capacity Cutting Machine 1,,0.4166666666666667,0.0
T3,,,Laser Cutter,Testing Machine 3,Medium Capacity Cutting Machine 1,,0.4166666666666667,0.0
T3,,,Riveting Machine,Testing Machine 3,Assembly Machine 1,,0.4166666666666667,0.0
T3,,,Low Capacity Cutting Machine 1,Testing Machine 3,Assembly Machine 1,,0.4166666666666667,0.0
T3,,,Low Capacity Cutting Machine 1,Testing Machine 3,Large Capacity Cutting Machine 1,,0.4166666666666667,0.0
T3,,,Medium Capacity Cutting Machine 2,Laser Cutter,Assembly Machine 2,,0.4162087912087912,0.0
T3,,,Medium Capacity Cutting Machine 2,Low Capacity Cutting Machine 1,Assembly Machine 2,,0.4162087912087912,0.0
T3,,,Medium Capacity Cutting Machine 2,Riveting Machine,Assembly Machine 2,,0.4162087912087912,0.0
T3,,,Medium Capacity Cutting Machine 2,Laser Welding Machine 2,Large Capacity Cutting Machine 2,,0.4149267399267399,0.0
T3,,,Medium Capacity Cutting Machine 2,Laser Welding Machine 2,Assembly Machine 3,,0.4149267399267399,0.0
T3,,,Medium Capacity Cutting Machine 2,Laser Welding Machine 2,Testing Machine 2,,0.4149267399267399,0.0
T3,,,Testing Machine 3,Laser Welding Machine 1,Large Capacity Cutting Machine 2,,0.4137362637362637,0.0
T3,,,Testing Machine 3,Laser Welding Machine 1,Assembly Machine 3,,0.4137362637362637,0.0
T3,,,Medium Capacity Cutting Machine 3,Low Capacity Cutting Machine 1,Testing Machine 1,,0.4134615384615385,0.0
T3,,,Medium Capacity Cutting Machine 3,Laser Cutter,Testing Machine 1,,0.4134615384615385,0.0
T3,,,Medium Capacity Cutting Machine 3,Riveting Machine,Testing Machine 1,,0.4134615384615385,0.0
T3,,,Riveting Machine,Large Capacity Cutting Machine 1,Medium Capacity Cutting Machine 3,,0.4128205128205128,0.0
T3,,,Riveting Machine,Assembly Machine 1,Medium Capacity Cutting Machine 3,,0.4128205128205128,0.0
T3,,,Laser Cutter,Large Capacity Cutting Machine 1,Medium Capacity Cutting Machine 3,,0.4128205128205128,0.0
T3,,,Laser Cutter,Assembly Machine 1,Medium Capacity Cutting Machine 3,,0.4128205128205128,0.0
T3,,,Low Capacity Cutting Machine 1,Assembly Machine 1,Medium Capacity Cutting Machine 3,,0.4128205128205128,0.0
T3,,,Low Capacity Cutting Machine 1,Large Capacity Cutting Machine 1,Medium Capacity Cutting Machine 3,,0.4128205128205128,0.0
T3,,,Testing Machine 2,Assembly Machine 2,Laser Welding Machine 1,,0.4118131868131868,0.0
T3,,,Testing Machine 2,Medium Capacity Cutting Machine 1,Laser Welding Machine 2,,0.4118131868131868,0.0
T3,,,Large Capacity Cutting Machine 2,Medium Capacity Cutting Machine 1,Laser Welding Machine 2,,0.4118131868131868,0.0
T3,,,Large Capacity Cutting Machine 2,Assembly Machine 2,Laser Welding Machine 1,,0.4118131868131868,0.0
T3,,,Assembly Machine 3,Medium Capacity Cutting Machine 1,Laser Welding Machine 2,,0.4118131868131868,0.0
T3,,,Medium Capacity Cutting Machine 2,Testing Machine 2,Laser Welding Machine 2,,0.4106227106227106,0.0
T3,,,Low Capacity Cutting Machine 1,Medium Capacity Cutting Machine 3,Assembly Machine 2,,0.4102564102564102,0.0
T3,,,Riveting Machine,Medium Capacity Cutting Machine 3,Assembly Machine 2,,0.4102564102564102,0.0
T3,,,Laser Cutter,Medium Capacity Cutting Machine 3,Assembly Machine 2,,0.4102564102564102,0.0
T3,,,Riveting Machine,Medium Capacity Cutting Machine 1,Laser Welding Machine 1,,0.4076923076923076,0.0
T3,,,Low Capacity Cutting Machine 1,Medium Capacity Cutting Machine 1,Laser Welding Machine 1,,0.4076923076923076,0.0
T3,,,Laser Cutter,Medium Capacity Cutting Machine 1,Laser Welding Machine 1,,0.4076923076923076,0.0
T3,,,Medium Capacity Cutting Machine 3,Testing Machine 3,Laser Welding Machine 1,,0.407051282051282,0.0
T3,,,Large Capacity Cutting Machine 2,Medium Capacity Cutting Machine 2,Assembly Machine 2,,0.4066849816849817,0.0
T3,,,Assembly Machine 3,Laser Welding Machine 2,Testing Machine 3,,0.4066849816849817,0.0
T3,,,Testing Machine 2,Medium Capacity Cutting Machine 2,Assembly Machine 2,,0.4066849816849817,0.0
T3,,,Large Capacity Cutting Machine 2,Laser Welding Machine 2,Testing Machine 3,,0.4066849816849817,0.0
T3,,,Laser Welding Machine 2,Medium Capacity Cutting Machine 2,Assembly Machine 2,,0.4066849816849817,0.0
T3,,,Testing Machine 3,Large Capacity Cutting Machine 2,Medium Capacity Cutting Machine 2,,0.406043956043956,0.0
T3,,,Testing Machine 3,Assembly Machine 3,Medium Capacity Cutting Machine 2,,0.406043956043956,0.0
T3,,,Medium Capacity Cutting Machine 2,Assembly Machine 1,Low Capacity Cutting Machine 1,,0.4059523809523809,0.0
T3,,,Medium Capacity Cutting Machine 2,Large Capacity Cutting Machine 1,Laser Cutter,,0.4059523809523809,0.0
T3,,,Medium Capacity Cutting Machine 2,Large Capacity Cutting Machine 1,Low Capacity Cutting Machine 1,,0.4059523809523809,0.0
T3,,,Medium Capacity Cutting Machine 2,Assembly Machine 1,Laser Cutter,,0.4059523809523809,0.0
T3,,,Medium Capacity Cutting Machine 2,Assembly Machine 1,Riveting Machine,,0.4059523809523809,0.0
T3,,,Medium Capacity Cutting Machine 2,Large Capacity Cutting Machine 1,Riveting Machine,,0.4059523809523809,0.0
T3,,,Large Capacity Cutting Machine 1,Testing Machine 3,Medium Capacity Cutting Machine 3,,0.4056776556776557,0.0
T3,,,Laser Welding Machine 1,Testing Machine 3,Medium Capacity Cutting Machine 3,,0.4056776556776557,0.0
T3,,,Testing Machine 3,Medium Capacity Cutting Machine 3,Laser Cutter,,0.4047619047619047,0.0
T3,,,Testing Machine 3,Medium Capacity Cutting Machine 3,Low Capacity Cutting Machine 1,,0.4047619047619047,0.0
T3,,,Testing Machine 3,Medium Capacity Cutting Machine 3,Riveting Machine,,0.4047619047619047,0.0
T3,,,Medium Capacity Cutting Machine 2,Assembly Machine 3,Laser Welding Machine 1,,0.4046703296703297,0.0
T3,,,Medium Capacity Cutting Machine 2,Large Capacity Cutting Machine 2,Laser Welding Machine 1,,0.4046703296703297,0.0
T3,,,Assembly Machine 2,Testing Machine 2,Low Capacity Cutting Machine 1,,0.4023809523809523,0.0
T3,,,Assembly Machine 2,Testing Machine 2,Laser Cutter,,0.4023809523809523,0.0
T3,,,Assembly Machine 2,Testing Machine 2,Riveting Machine,,0.4023809523809523,0.0
T3,,,Medium Capacity Cutting Machine 3,Large Capacity Cutting Machine 2,Assembly Machine 2,,0.4019230769230769,0.0
T3,,,Assembly Machine 2,Laser Cutter,Laser Welding Machine 2,,0.401098901098901,0.0
T3,,,Assembly Machine 2,Low Capacity Cutting Machine 1,Laser Welding Machine 2,,0.401098901098901,0.0
T3,,,Assembly Machine 2,Riveting Machine,Laser Welding Machine 2,,0.401098901098901,0.0
T3,,,Medium Capacity Cutting Machine 1,Laser Welding Machine 1,Low Capacity Cutting Machine 1,,0.4,0.0
T3,,,Medium Capacity Cutting Machine 1,Laser Welding Machine 1,Laser Cutter,,0.4,0.0
T3,,,Medium Capacity Cutting Machine 1,Laser Welding Machine 1,Riveting Machine,,0.4,0.0
T3,,,Laser Cutter,Laser Welding Machine 1,Medium Capacity Cutting Machine 1,,0.4,0.0
T3,,,Riveting Machine,Laser Welding Machine 1,Assembly Machine 1,,0.4,0.0
T3,,,Riveting Machine,Laser Welding Machine 1,Large Capacity Cutting Machine 1,,0.4,0.0
T3,,,Laser Cutter,Laser Welding Machine 1,Large Capacity Cutting Machine 1,,0.4,0.0
T3,,,Laser Cutter,Laser Welding Machine 1,Assembly Machine 1,,0.4,0.0
T3,,,Riveting Machine,Laser Welding Machine 1,Medium Capacity Cutting Machine 1,,0.4,0.0
T3,,,Assembly Machine 1,Laser Welding Machine 1,Riveting Machine,,0.4,0.0
T3,,,Low Capacity Cutting Machine 1,Laser Welding Machine 1,Large Capacity Cutting Machine 1,,0.4,0.0
T3,,,Assembly Machine 1,Laser Welding Machine 1,Laser Cutter,,0.4,0.0
T3,,,Assembly Machine 1,Laser Welding Machine 1,Low Capacity Cutting Machine 1,,0.4,0.0
T3,,,Low Capacity Cutting Machine 1,Laser Welding Machine 1,Medium Capacity Cutting Machine 1,,0.4,0.0
T3,,,Low Capacity Cutting Machine 1,Laser Welding Machine 1,Assembly Machine 1,,0.4,0.0
T3,,,Testing Machine 1,Assembly Machine 2,Medium Capacity Cutting Machine 3,,0.3994505494505495,0.0
T3,,,Testing Machine 1,Medium Capacity Cutting Machine 1,Large Capacity Cutting Machine 2,,0.3994505494505494,0.0
T3,,,Testing Machine 1,Medium Capacity Cutting Machine 1,Assembly Machine 3,,0.3994505494505494,0.0
T3,,,Laser Welding Machine 1,Laser Cutter,Assembly Machine 2,,0.3983516483516482,0.0
T3,,,Large Capacity Cutting Machine 1,Low Capacity Cutting Machine 1,Assembly Machine 2,,0.3983516483516482,0.0
T3,,,Laser Welding Machine 1,Low Capacity Cutting Machine 1,Assembly Machine 2,,0.3983516483516482,0.0
T3,,,Large Capacity Cutting Machine 1,Riveting Machine,Assembly Machine 2,,0.3983516483516482,0.0
T3,,,Large Capacity Cutting Machine 1,Laser Cutter,Assembly Machine 2,,0.3983516483516482,0.0
T3,,,Laser Welding Machine 1,Riveting Machine,Assembly Machine 2,,0.3983516483516482,0.0
T3,,,Large Capacity Cutting Machine 2,Assembly Machine 1,Medium Capacity Cutting Machine 2,,0.3977106227106227,0.0
T3,,,Laser Welding Machine 2,Large Capacity Cutting Machine 1,Medium Capacity Cutting Machine 2,,0.3977106227106227,0.0
T3,,,Laser Welding Machine 2,Assembly Machine 1,Medium Capacity Cutting Machine 2,,0.3977106227106227,0.0
T3,,,Testing Machine 2,Large Capacity Cutting Machine 1,Medium Capacity Cutting Machine 2,,0.3977106227106227,0.0
T3,,,Testing Machine 2,Assembly Machine 1,Medium Capacity Cutting Machine 2,,0.3977106227106227,0.0
T3,,,Assembly Machine 3,Large Capacity Cutting Machine 1,Medium Capacity Cutting Machine 2,,0.3977106227106227,0.0
T3,,,Large Capacity Cutting Machine 1,Laser Welding Machine 2,Testing Machine 2,,0.3970695970695971,0.0
T3,,,Large Capacity Cutting Machine 1,Laser Welding Machine 2,Assembly Machine 3,,0.3970695970695971,0.0
T3,,,Testing Machine 3,Medium Capacity Cutting Machine 2,Large Capacity Cutting Machine 2,,0.3970695970695971,0.0
T3,,,Testing Machine 3,Medium Capacity Cutting Machine 2,Assembly Machine 3,,0.3970695970695971,0.0
T3,,,Large Capacity Cutting Machine 2,Assembly Machine 3,Medium Capacity Cutting Machine 1,,0.3964285714285714,0.0
T3,,,Laser Welding Machine 2,Assembly Machine 3,Medium Capacity Cutting Machine 1,,0.3964285714285714,0.0
T3,,,Testing Machine 2,Assembly Machine 3,Large Capacity Cutting Machine 1,,0.3964285714285714,0.0
T3,,,Laser Welding Machine 2,Assembly Machine 3,Large Capacity Cutting Machine 1,,0.3964285714285714,0.0
T3,,,Laser Welding Machine 2,Large Capacity Cutting Machine 2,Assembly Machine 1,,0.3964285714285714,0.0
T3,,,Testing Machine 2,Large Capacity Cutting Machine 2,Medium Capacity Cutting Machine 1,,0.3964285714285714,0.0
T3,,,Testing Machine 2,Large Capacity Cutting Machine 2,Assembly Machine 1,,0.3964285714285714,0.0
T3,,,Laser Welding Machine 2,Large Capacity Cutting Machine 2,Medium Capacity Cutting Machine 1,,0.3964285714285714,0.0
T3,,,Testing Machine 2,Assembly Machine 3,Medium Capacity Cutting Machine 1,,0.3964285714285714,0.0
T3,,,Assembly Machine 3,Large Capacity Cutting Machine 2,Medium Capacity Cutting Machine 1,,0.3964285714285714,0.0
T3,,,Testing Machine 2,Medium Capacity Cutting Machine 3,Laser Welding Machine 1,,0.3951465201465202,0.0
T3,,,Assembly Machine 3,Medium Capacity Cutting Machine 3,Laser Welding Machine 1,,0.3951465201465202,0.0
T3,,,Large Capacity Cutting Machine 2,Medium Capacity Cutting Machine 3,Laser Welding Machine 1,,0.3951465201465202,0.0
T3,,,Assembly Machine 2,Testing Machine 3,Large Capacity Cutting Machine 2,,0.3946886446886447,0.0
T3,,,Laser Welding Machine 1,Testing Machine 2,Medium Capacity Cutting Machine 2,,0.394139194139194,0.0
T3,,,Large Capacity Cutting Machine 1,Testing Machine 2,Medium Capacity Cutting Machine 2,,0.394139194139194,0.0
T3,,,Medium Capacity Cutting Machine 2,Assembly Machine 2,Laser Welding Machine 2,,0.393956043956044,0.0
T3,,,Laser Cutter,Large Capacity Cutting Machine 1,Testing Machine 3,,0.3935897435897436,0.0
T3,,,Low Capacity Cutting Machine 1,Large Capacity Cutting Machine 1,Testing Machine 3,,0.3935897435897436,0.0
T3,,,Riveting Machine,Large Capacity Cutting Machine 1,Testing Machine 3,,0.3935897435897436,0.0
T3,,,Low Capacity Cutting Machine 1,Assembly Machine 1,Testing Machine 3,,0.3935897435897436,0.0
T3,,,Riveting Machine,Assembly Machine 1,Testing Machine 3,,0.3935897435897436,0.0
T3,,,Laser Cutter,Assembly Machine 1,Testing Machine 3,,0.3935897435897436,0.0
T3,,,Laser Cutter,Laser Welding Machine 2,Assembly Machine 2,,0.3935897435897435,0.0
T3,,,Riveting Machine,Laser Welding Machine 2,Assembly Machine 2,,0.3935897435897435,0.0
T3,,,Low Capacity Cutting Machine 1,Laser Welding Machine 2,Assembly Machine 2,,0.3935897435897435,0.0
T3,,,Medium Capacity Cutting Machine 2,Laser Welding Machine 1,Testing Machine 3,,0.3931318681318681,0.0
T3,,,Assembly Machine 1,Large Capacity Cutting Machine 2,Testing Machine 2,,0.3923076923076923,0.0
T3,,,Medium Capacity Cutting Machine 1,Large Capacity Cutting Machine 2,Testing Machine 2,,0.3923076923076923,0.0
T3,,,Medium Capacity Cutting Machine 1,Assembly Machine 3,Large Capacity Cutting Machine 2,,0.3923076923076923,0.0
T3,,,Medium Capacity Cutting Machine 1,Assembly Machine 3,Testing Machine 2,,0.3923076923076923,0.0
T3,,,Medium Capacity Cutting Machine 1,Large Capacity Cutting Machine 2,Assembly Machine 3,,0.3923076923076923,0.0
T3,,,Large Capacity Cutting Machine 1,Medium Capacity Cutting Machine 2,Laser Welding Machine 2,,0.3915750915750915,0.0
T3,,,Large Capacity Cutting Machine 2,Testing Machine 2,Assembly Machine 2,,0.3900183150183149,0.0
T3,,,Laser Welding Machine 2,Testing Machine 2,Assembly Machine 2,,0.3900183150183149,0.0
T3,,,Testing Machine 1,Medium Capacity Cutting Machine 3,Laser Welding Machine 2,,0.3891941391941392,0.0
T3,,,Large Capacity Cutting Machine 1,Laser Welding Machine 1,Medium Capacity Cutting Machine 3,,0.3890109890109889,0.0
T3,,,Large Capacity Cutting Machine 2,Testing Machine 1,Assembly Machine 3,,0.3887362637362637,0.0
T3,,,Laser Welding Machine 2,Testing Machine 1,Large Capacity Cutting Machine 2,,0.3887362637362637,0.0
T3,,,Laser Welding Machine 2,Testing Machine 1,Assembly Machine 3,,0.3887362637362637,0.0
T3,,,Assembly Machine 3,Testing Machine 1,Large Capacity Cutting Machine 2,,0.3887362637362637,0.0
T3,,,Riveting Machine,Assembly Machine 2,Testing Machine 1,,0.3884615384615384,0.0
T3,,,Low Capacity Cutting Machine 1,Assembly Machine 2,Testing Machine 1,,0.3884615384615384,0.0
T3,,,Laser Cutter,Assembly Machine 2,Testing Machine 1,,0.3884615384615384,0.0
T3,,,Testing Machine 3,Laser Welding Machine 2,Low Capacity Cutting Machine 1,,0.3880952380952381,0.0
T3,,,Testing Machine 3,Laser Welding Machine 2,Riveting Machine,,0.3880952380952381,0.0
T3,,,Testing Machine 3,Laser Welding Machine 2,Laser Cutter,,0.3880952380952381,0.0
T3,,,Large Capacity Cutting Machine 1,Assembly Machine 1,Low Capacity Cutting Machine 1,,0.388095238095238,0.0
T3,,,Laser Welding Machine 1,Large Capacity Cutting Machine 1,Riveting Machine,,0.388095238095238,0.0
T3,,,Laser Welding Machine 1,Large Capacity Cutting Machine 1,Low Capacity Cutting Machine 1,,0.388095238095238,0.0
T3,,,Laser Welding Machine 1,Large Capacity Cutting Machine 1,Laser Cutter,,0.388095238095238,0.0
T3,,,Large Capacity Cutting Machine 1,Assembly Machine 1,Laser Cutter,,0.388095238095238,0.0
T3,,,Laser Welding Machine 1,Assembly Machine 1,Laser Cutter,,0.388095238095238,0.0
T3,,,Large Capacity Cutting Machine 1,Assembly Machine 1,Riveting Machine,,0.388095238095238,0.0
T3,,,Laser Welding Machine 1,Assembly Machine 1,Riveting Machine,,0.388095238095238,0.0
T3,,,Laser Welding Machine 1,Assembly Machine 1,Low Capacity Cutting Machine 1,,0.388095238095238,0.0
T3,,,Testing Machine 3,Assembly Machine 3,Laser Welding Machine 2,,0.3868131868131869,0.0
T3,,,Testing Machine 3,Large Capacity Cutting Machine 2,Laser Welding Machine 2,,0.3868131868131869,0.0
T3,,,Large Capacity Cutting Machine 1,Assembly Machine 3,Laser Welding Machine 1,,0.3868131868131869,0.0
T3,,,Assembly Machine 3,Laser Welding Machine 1,Testing Machine 1,,0.3848901098901098,0.0
T3,,,Large Capacity Cutting Machine 2,Laser Welding Machine 1,Testing Machine 1,,0.3848901098901098,0.0
T3,,,Low Capacity Cutting Machine 1,Testing Machine 1,Medium Capacity Cutting Machine 2,,0.3846153846153846,0.0
T3,,,Riveting Machine,Testing Machine 1,Medium Capacity Cutting Machine 2,,0.3846153846153846,0.0
T3,,,Assembly Machine 1,Riveting Machine,Medium Capacity Cutting Machine 2,,0.3846153846153846,0.0
T3,,,Laser Cutter,Testing Machine 1,Medium Capacity Cutting Machine 2,,0.3846153846153846,0.0
T3,,,Assembly Machine 1,Laser Cutter,Medium Capacity Cutting Machine 2,,0.3846153846153846,0.0
T3,,,Assembly Machine 1,Low Capacity Cutting Machine 1,Medium Capacity Cutting Machine 2,,0.3846153846153846,0.0
T3,,,Testing Machine 1,Large Capacity Cutting Machine 2,Assembly Machine 2,,0.384065934065934,0.0
T3,,,Medium Capacity Cutting Machine 3,Assembly Machine 1,Large Capacity Cutting Machine 2,,0.3839743589743589,0.0
T3,,,Medium Capacity Cutting Machine 3,Large Capacity Cutting Machine 1,Assembly Machine 3,,0.3839743589743589,0.0
T3,,,Medium Capacity Cutting Machine 3,Large Capacity Cutting Machine 1,Testing Machine 2,,0.3839743589743589,0.0
T3,,,Medium Capacity Cutting Machine 3,Assembly Machine 1,Testing Machine 2,,0.3839743589743589,0.0
T3,,,Low Capacity Cutting Machine 1,Medium Capacity Cutting Machine 2,Assembly Machine 1,,0.3833333333333333,0.0
T3,,,Assembly Machine 1,Medium Capacity Cutting Machine 2,Laser Cutter,,0.3833333333333333,0.0
T3,,,Low Capacity Cutting Machine 1,Medium Capacity Cutting Machine 2,Large Capacity Cutting Machine 1,,0.3833333333333333,0.0
T3,,,Riveting Machine,Medium Capacity Cutting Machine 2,Large Capacity Cutting Machine 1,,0.3833333333333333,0.0
T3,,,Laser Cutter,Medium Capacity Cutting Machine 2,Large Capacity Cutting Machine 1,,0.3833333333333333,0.0
T3,,,Laser Cutter,Medium Capacity Cutting Machine 2,Assembly Machine 1,,0.3833333333333333,0.0
T3,,,Riveting Machine,Medium Capacity Cutting Machine 2,Assembly Machine 1,,0.3833333333333333,0.0
T3,,,Assembly Machine 1,Medium Capacity Cutting Machine 2,Low Capacity Cutting Machine 1,,0.3833333333333333,0.0
T3,,,Assembly Machine 1,Medium Capacity Cutting Machine 2,Riveting Machine,,0.3833333333333333,0.0
T3,,,Assembly Machine 2,Laser Cutter,Medium Capacity Cutting Machine 3,,0.3818681318681318,0.0
T3,,,Assembly Machine 2,Riveting Machine,Medium Capacity Cutting Machine 3,,0.3818681318681318,0.0
T3,,,Assembly Machine 2,Low Capacity Cutting Machine 1,Medium Capacity Cutting Machine 3,,0.3818681318681318,0.0
T3,,,Testing Machine 3,Laser Cutter,Laser Welding Machine 1,,0.3791208791208791,0.0
T3,,,Testing Machine 3,Low Capacity Cutting Machine 1,Laser Welding Machine 1,,0.3791208791208791,0.0
T3,,,Testing Machine 3,Riveting Machine,Laser Welding Machine 1,,0.3791208791208791,0.0
T3,,,Medium Capacity Cutting Machine 3,Assembly Machine 2,Testing Machine 3,,0.3788461538461539,0.0
T3,,,Large Capacity Cutting Machine 2,Assembly Machine 1,Laser Welding Machine 2,,0.3784798534798534,0.0
T3,,,Testing Machine 2,Large Capacity Cutting Machine 1,Laser Welding Machine 2,,0.3784798534798534,0.0
T3,,,Testing Machine 2,Assembly Machine 1,Laser Welding Machine 2,,0.3784798534798534,0.0
T3,,,Assembly Machine 3,Large Capacity Cutting Machine 1,Laser Welding Machine 2,,0.3784798534798534,0.0
T3,,,Assembly Machine 2,Laser Welding Machine 1,Large Capacity Cutting Machine 2,,0.3780219780219779,0.0
T3,,,Assembly Machine 2,Laser Welding Machine 1,Testing Machine 2,,0.3780219780219779,0.0
T3,,,Medium Capacity Cutting Machine 2,Riveting Machine,Testing Machine 1,,0.3777472527472527,0.0
T3,,,Medium Capacity Cutting Machine 2,Laser Cutter,Testing Machine 1,,0.3777472527472527,0.0
T3,,,Medium Capacity Cutting Machine 2,Low Capacity Cutting Machine 1,Testing Machine 1,,0.3777472527472527,0.0
T3,,,Large Capacity Cutting Machine 1,Assembly Machine 2,Medium Capacity Cutting Machine 2,,0.3774725274725274,0.0
T3,,,Laser Welding Machine 1,Assembly Machine 2,Medium Capacity Cutting Machine 2,,0.3774725274725274,0.0
T3,,,Laser Cutter,Medium Capacity Cutting Machine 1,Assembly Machine 2,,0.3769230769230769,0.0
T3,,,Riveting Machine,Medium Capacity Cutting Machine 1,Assembly Machine 2,,0.3769230769230769,0.0
T3,,,Low Capacity Cutting Machine 1,Medium Capacity Cutting Machine 1,Assembly Machine 2,,0.3769230769230769,0.0
T3,,,Testing Machine 1,Laser Welding Machine 2,Medium Capacity Cutting Machine 2,,0.3750915750915751,0.0
T3,,,Medium Capacity Cutting Machine 3,Low Capacity Cutting Machine 1,Large Capacity Cutting Machine 1,,0.375,0.0
T3,,,Medium Capacity Cutting Machine 3,Riveting Machine,Large Capacity Cutting Machine 1,,0.375,0.0
T3,,,Medium Capacity Cutting Machine 3,Testing Machine 1,Low Capacity Cutting Machine 1,,0.375,0.0
T3,,,Medium Capacity Cutting Machine 3,Testing Machine 1,Riveting Machine,,0.375,0.0
T3,,,Medium Capacity Cutting Machine 3,Laser Cutter,Assembly Machine 1,,0.375,0.0
T3,,,Medium Capacity Cutting Machine 3,Laser Cutter,Large Capacity Cutting Machine 1,,0.375,0.0
T3,,,Medium Capacity Cutting Machine 3,Riveting Machine,Assembly Machine 1,,0.375,0.0
T3,,,Medium Capacity Cutting Machine 3,Low Capacity Cutting Machine 1,Assembly Machine 1,,0.375,0.0
T3,,,Medium Capacity Cutting Machine 3,Testing Machine 1,Laser Cutter,,0.375,0.0
T3,,,Large Capacity Cutting Machine 1,Testing Machine 2,Laser Welding Machine 2,,0.3749084249084249,0.0
T3,,,Laser Cutter,Large Capacity Cutting Machine 1,Laser Welding Machine 1,,0.3743589743589743,0.0
T3,,,Riveting Machine,Large Capacity Cutting Machine 1,Laser Welding Machine 1,,0.3743589743589743,0.0
T3,,,Low Capacity Cutting Machine 1,Large Capacity Cutting Machine 1,Laser Welding Machine 1,,0.3743589743589743,0.0
T3,,,Riveting Machine,Assembly Machine 1,Laser Welding Machine 1,,0.3743589743589743,0.0
T3,,,Laser Cutter,Assembly Machine 1,Laser Welding Machine 1,,0.3743589743589743,0.0
T3,,,Low Capacity Cutting Machine 1,Assembly Machine 1,Laser Welding Machine 1,,0.3743589743589743,0.0
T3,,,Large Capacity Cutting Machine 2,Medium Capacity Cutting Machine 1,Testing Machine 3,,0.3733516483516483,0.0
T3,,,Laser Welding Machine 2,Medium Capacity Cutting Machine 1,Testing Machine 3,,0.3733516483516483,0.0
T3,,,Assembly Machine 3,Medium Capacity Cutting Machine 1,Testing Machine 3,,0.3733516483516483,0.0
T3,,,Low Capacity Cutting Machine 1,Medium Capacity Cutting Machine 3,Testing Machine 1,,0.3717948717948718,0.0
T3,,,Laser Cutter,Medium Capacity Cutting Machine 3,Testing Machine 1,,0.3717948717948718,0.0
T3,,,Riveting Machine,Medium Capacity Cutting Machine 3,Testing Machine 1,,0.3717948717948718,0.0
T3,,,Testing Machine 3,Medium Capacity Cutting Machine 1,Riveting Machine,,0.3714285714285714,0.0
T3,,,Testing Machine 3,Medium Capacity Cutting Machine 1,Low Capacity Cutting Machine 1,,0.3714285714285714,0.0
T3,,,Testing Machine 3,Medium Capacity Cutting Machine 1,Laser Cutter,,0.3714285714285714,0.0
T3,,,Medium Capacity Cutting Machine 2,Testing Machine 3,Laser Welding Machine 1,,0.3713369963369963,0.0
T3,,,Assembly Machine 2,Large Capacity Cutting Machine 2,Medium Capacity Cutting Machine 2,,0.3703296703296703,0.0
T3,,,Large Capacity Cutting Machine 1,Laser Welding Machine 1,Testing Machine 3,,0.3697802197802198,0.0
T3,,,Assembly Machine 2,Medium Capacity Cutting Machine 3,Laser Cutter,,0.369047619047619,0.0
T3,,,Assembly Machine 2,Medium Capacity Cutting Machine 3,Low Capacity Cutting Machine 1,,0.369047619047619,0.0
T3,,,Assembly Machine 2,Medium Capacity Cutting Machine 3,Riveting Machine,,0.369047619047619,0.0
T3,,,Medium Capacity Cutting Machine 3,Testing Machine 3,Assembly Machine 2,,0.3685897435897436,0.0
T3,,,Assembly Machine 3,Medium Capacity Cutting Machine 2,Testing Machine 1,,0.3682234432234432,0.0
T3,,,Laser Welding Machine 2,Medium Capacity Cutting Machine 2,Testing Machine 1,,0.3682234432234432,0.0
T3,,,Large Capacity Cutting Machine 2,Medium Capacity Cutting Machine 2,Testing Machine 1,,0.3682234432234432,0.0
T3,,,Testing Machine 3,Large Capacity Cutting Machine 2,Medium Capacity Cutting Machine 3,,0.3675824175824176,0.0
T3,,,Testing Machine 3,Assembly Machine 3,Medium Capacity Cutting Machine 3,,0.3675824175824176,0.0
T3,,,Medium Capacity Cutting Machine 1,Testing Machine 2,Riveting Machine,,0.3666666666666667,0.0
T3,,,Laser Cutter,Testing Machine 2,Medium Capacity Cutting Machine 1,,0.3666666666666667,0.0
T3,,,Laser Cutter,Testing Machine 2,Large Capacity Cutting Machine 1,,0.3666666666666667,0.0
T3,,,Medium Capacity Cutting Machine 1,Testing Machine 2,Laser Cutter,,0.3666666666666667,0.0
T3,,,Low Capacity Cutting Machine 1,Testing Machine 2,Assembly Machine 1,,0.3666666666666667,0.0
T3,,,Low Capacity Cutting Machine 1,Testing Machine 2,Large Capacity Cutting Machine 1,,0.3666666666666667,0.0
T3,,,Medium Capacity Cutting Machine 1,Testing Machine 2,Low Capacity Cutting Machine 1,,0.3666666666666667,0.0
T3,,,Laser Cutter,Testing Machine 2,Assembly Machine 1,,0.3666666666666667,0.0
T3,,,Assembly Machine 1,Testing Machine 2,Low Capacity Cutting Machine 1,,0.3666666666666667,0.0
T3,,,Assembly Machine 1,Testing Machine 2,Laser Cutter,,0.3666666666666667,0.0
T3,,,Riveting Machine,Testing Machine 2,Medium Capacity Cutting Machine 1,,0.3666666666666667,0.0
T3,,,Riveting Machine,Testing Machine 2,Large Capacity Cutting Machine 1,,0.3666666666666667,0.0
T3,,,Assembly Machine 1,Testing Machine 2,Riveting Machine,,0.3666666666666667,0.0
T3,,,Riveting Machine,Testing Machine 2,Assembly Machine 1,,0.3666666666666667,0.0
T3,,,Low Capacity Cutting Machine 1,Testing Machine 2,Medium Capacity Cutting Machine 1,,0.3666666666666667,0.0
T3,,,Medium Capacity Cutting Machine 2,Large Capacity Cutting Machine 2,Assembly Machine 2,,0.3662087912087911,0.0
T3,,,Testing Machine 1,Assembly Machine 1,Large Capacity Cutting Machine 2,,0.3661172161172161,0.0
T3,,,Testing Machine 1,Large Capacity Cutting Machine 1,Assembly Machine 3,,0.3661172161172161,0.0
T3,,,Medium Capacity Cutting Machine 1,Laser Cutter,Laser Welding Machine 2,,0.3653846153846154,0.0
T3,,,Assembly Machine 1,Low Capacity Cutting Machine 1,Laser Welding Machine 2,,0.3653846153846154,0.0
T3,,,Low Capacity Cutting Machine 1,Testing Machine 1,Laser Welding Machine 2,,0.3653846153846154,0.0
T3,,,Assembly Machine 1,Laser Cutter,Laser Welding Machine 2,,0.3653846153846154,0.0
T3,,,Assembly Machine 1,Riveting Machine,Laser Welding Machine 2,,0.3653846153846154,0.0
T3,,,Medium Capacity Cutting Machine 1,Riveting Machine,Laser Welding Machine 2,,0.3653846153846154,0.0
T3,,,Riveting Machine,Testing Machine 1,Laser Welding Machine 2,,0.3653846153846154,0.0
T3,,,Medium Capacity Cutting Machine 1,Low Capacity Cutting Machine 1,Laser Welding Machine 2,,0.3653846153846154,0.0
T3,,,Laser Cutter,Testing Machine 1,Laser Welding Machine 2,,0.3653846153846154,0.0
T3,,,Testing Machine 3,Assembly Machine 2,Large Capacity Cutting Machine 2,,0.3637362637362638,0.0
T3,,,Laser Welding Machine 1,Medium Capacity Cutting Machine 1,Assembly Machine 3,,0.3637362637362637,0.0
T3,,,Large Capacity Cutting Machine 1,Medium Capacity Cutting Machine 1,Testing Machine 2,,0.3637362637362637,0.0
T3,,,Large Capacity Cutting Machine 1,Medium Capacity Cutting Machine 1,Assembly Machine 3,,0.3637362637362637,0.0
T3,,,Laser Welding Machine 1,Medium Capacity Cutting Machine 1,Testing Machine 2,,0.3637362637362637,0.0
T3,,,Laser Welding Machine 1,Medium Capacity Cutting Machine 1,Large Capacity Cutting Machine 2,,0.3637362637362637,0.0
T3,,,Medium Capacity Cutting Machine 3,Large Capacity Cutting Machine 2,Testing Machine 1,,0.3634615384615384,0.0
T3,,,Medium Capacity Cutting Machine 3,Assembly Machine 3,Testing Machine 1,,0.3634615384615384,0.0
T3,,,Assembly Machine 3,Testing Machine 3,Medium Capacity Cutting Machine 1,,0.3630952380952381,0.0
T3,,,Laser Welding Machine 2,Testing Machine 3,Assembly Machine 1,,0.3630952380952381,0.0
T3,,,Laser Welding Machine 2,Testing Machine 3,Large Capacity Cutting Machine 1,,0.3630952380952381,0.0
T3,,,Large Capacity Cutting Machine 2,Testing Machine 3,Assembly Machine 1,,0.3630952380952381,0.0
T3,,,Laser Welding Machine 2,Testing Machine 3,Medium Capacity Cutting Machine 1,,0.3630952380952381,0.0
T3,,,Assembly Machine 3,Testing Machine 3,Large Capacity Cutting Machine 1,,0.3630952380952381,0.0
T3,,,Large Capacity Cutting Machine 2,Testing Machine 3,Medium Capacity Cutting Machine 1,,0.3630952380952381,0.0
T3,,,Assembly Machine 2,Laser Cutter,Testing Machine 3,,0.3626373626373626,0.0
T3,,,Assembly Machine 2,Low Capacity Cutting Machine 1,Testing Machine 3,,0.3626373626373626,0.0
T3,,,Assembly Machine 2,Riveting Machine,Testing Machine 3,,0.3626373626373626,0.0
T3,,,Assembly Machine 2,Medium Capacity Cutting Machine 2,Testing Machine 2,,0.3613553113553113,0.0
T3,,,Assembly Machine 2,Medium Capacity Cutting Machine 2,Large Capacity Cutting Machine 2,,0.3613553113553113,0.0
T3,,,Testing Machine 3,Laser Cutter,Assembly Machine 2,,0.3598901098901098,0.0
T3,,,Testing Machine 3,Riveting Machine,Assembly Machine 2,,0.3598901098901098,0.0
T3,,,Laser Welding Machine 1,Low Capacity Cutting Machine 1,Testing Machine 1,,0.3598901098901098,0.0
T3,,,Large Capacity Cutting Machine 1,Laser Cutter,Testing Machine 1,,0.3598901098901098,0.0
T3,,,Laser Welding Machine 1,Laser Cutter,Testing Machine 1,,0.3598901098901098,0.0
T3,,,Large Capacity Cutting Machine 1,Riveting Machine,Testing Machine 1,,0.3598901098901098,0.0
T3,,,Large Capacity Cutting Machine 1,Low Capacity Cutting Machine 1,Testing Machine 1,,0.3598901098901098,0.0
T3,,,Laser Welding Machine 1,Riveting Machine,Testing Machine 1,,0.3598901098901098,0.0
T3,,,Testing Machine 3,Low Capacity Cutting Machine 1,Assembly Machine 2,,0.3598901098901098,0.0
T3,,,Large Capacity Cutting Machine 2,Assembly Machine 1,Medium Capacity Cutting Machine 3,,0.3592490842490842,0.0
T3,,,Laser Welding Machine 2,Large Capacity Cutting Machine 1,Medium Capacity Cutting Machine 3,,0.3592490842490842,0.0
T3,,,Laser Welding Machine 2,Assembly Machine 1,Medium Capacity Cutting Machine 3,,0.3592490842490842,0.0
T3,,,Testing Machine 2,Large Capacity Cutting Machine 1,Medium Capacity Cutting Machine 3,,0.3592490842490842,0.0
T3,,,Assembly Machine 3,Large Capacity Cutting Machine 1,Medium Capacity Cutting Machine 3,,0.3592490842490842,0.0
T3,,,Testing Machine 2,Assembly Machine 1,Medium Capacity Cutting Machine 3,,0.3592490842490842,0.0
T3,,,Medium Capacity Cutting Machine 1,Testing Machine 3,Assembly Machine 3,,0.358974358974359,0.0
T3,,,Assembly Machine 1,Testing Machine 3,Large Capacity Cutting Machine 2,,0.358974358974359,0.0
T3,,,Medium Capacity Cutting Machine 1,Testing Machine 3,Large Capacity Cutting Machine 2,,0.358974358974359,0.0
T3,,,Large Capacity Cutting Machine 1,Assembly Machine 2,Laser Welding Machine 2,,0.3582417582417582,0.0
T3,,,Testing Machine 1,Riveting Machine,Assembly Machine 1,,0.3571428571428571,0.0
T3,,,Testing Machine 1,Laser Cutter,Medium Capacity Cutting Machine 1,,0.3571428571428571,0.0
T3,,,Testing Machine 1,Riveting Machine,Large Capacity Cutting Machine 1,,0.3571428571428571,0.0
T3,,,Testing Machine 1,Low Capacity Cutting Machine 1,Large Capacity Cutting Machine 1,,0.3571428571428571,0.0
T3,,,Testing Machine 1,Riveting Machine,Medium Capacity Cutting Machine 1,,0.3571428571428571,0.0
T3,,,Testing Machine 1,Laser Cutter,Assembly Machine 1,,0.3571428571428571,0.0
T3,,,Testing Machine 1,Low Capacity Cutting Machine 1,Medium Capacity Cutting Machine 1,,0.3571428571428571,0.0
T3,,,Testing Machine 1,Laser Cutter,Large Capacity Cutting Machine 1,,0.3571428571428571,0.0
T3,,,Testing Machine 1,Low Capacity Cutting Machine 1,Assembly Machine 1,,0.3571428571428571,0.0
T3,,,Medium Capacity Cutting Machine 3,Testing Machine 2,Laser Welding Machine 1,,0.357051282051282,0.0
T3,,,Large Capacity Cutting Machine 2,Medium Capacity Cutting Machine 3,Assembly Machine 2,,0.3566849816849816,0.0
T3,,,Laser Welding Machine 2,Medium Capacity Cutting Machine 3,Assembly Machine 2,,0.3566849816849816,0.0
T3,,,Testing Machine 2,Medium Capacity Cutting Machine 3,Assembly Machine 2,,0.3566849816849816,0.0
T3,,,Testing Machine 3,Laser Welding Machine 1,Medium Capacity Cutting Machine 2,,0.356043956043956,0.0
T3,,,Testing Machine 1,Medium Capacity Cutting Machine 2,Laser Welding Machine 1,,0.3558608058608058,0.0
T3,,,Large Capacity Cutting Machine 1,Testing Machine 2,Medium Capacity Cutting Machine 3,,0.3556776556776556,0.0
T3,,,Laser Welding Machine 1,Testing Machine 2,Medium Capacity Cutting Machine 3,,0.3556776556776556,0.0
T3,,,Riveting Machine,Laser Welding Machine 2,Testing Machine 1,,0.3551282051282051,0.0
T3,,,Low Capacity Cutting Machine 1,Laser Welding Machine 2,Testing Machine 1,,0.3551282051282051,0.0
T3,,,Laser Cutter,Laser Welding Machine 2,Testing Machine 1,,0.3551282051282051,0.0
T3,,,Riveting Machine,Large Capacity Cutting Machine 1,Assembly Machine 2,,0.3551282051282051,0.0
T3,,,Laser Cutter,Large Capacity Cutting Machine 1,Assembly Machine 2,,0.3551282051282051,0.0
T3,,,Low Capacity Cutting Machine 1,Large Capacity Cutting Machine 1,Assembly Machine 2,,0.3551282051282051,0.0
T3,,,Assembly Machine 3,Medium Capacity Cutting Machine 1,Laser Welding Machine 1,,0.3541208791208791,0.0
T3,,,Testing Machine 2,Medium Capacity Cutting Machine 1,Laser Welding Machine 1,,0.3541208791208791,0.0
T3,,,Large Capacity Cutting Machine 2,Medium Capacity Cutting Machine 1,Laser Welding Machine 1,,0.3541208791208791,0.0
T3,,,Large Capacity Cutting Machine 1,Testing Machine 3,Laser Welding Machine 1,,0.3534798534798534,0.0
T3,,,Laser Welding Machine 1,Medium Capacity Cutting Machine 2,Testing Machine 3,,0.3531135531135531,0.0
T3,,,Large Capacity Cutting Machine 1,Medium Capacity Cutting Machine 2,Testing Machine 3,,0.3531135531135531,0.0
T3,,,Assembly Machine 2,Laser Welding Machine 2,Laser Cutter,,0.3523809523809524,0.0
T3,,,Assembly Machine 2,Laser Welding Machine 2,Low Capacity Cutting Machine 1,,0.3523809523809524,0.0
T3,,,Assembly Machine 2,Laser Welding Machine 2,Riveting Machine,,0.3523809523809524,0.0
T3,,,Testing Machine 3,Large Capacity Cutting Machine 1,Laser Cutter,,0.3523809523809523,0.0
T3,,,Testing Machine 3,Assembly Machine 1,Low Capacity Cutting Machine 1,,0.3523809523809523,0.0
T3,,,Testing Machine 3,Large Capacity Cutting Machine 1,Riveting Machine,,0.3523809523809523,0.0
T3,,,Testing Machine 3,Assembly Machine 1,Riveting Machine,,0.3523809523809523,0.0
T3,,,Testing Machine 3,Large Capacity Cutting Machine 1,Low Capacity Cutting Machine 1,,0.3523809523809523,0.0
T3,,,Testing Machine 3,Assembly Machine 1,Laser Cutter,,0.3523809523809523,0.0
T3,,,Medium Capacity Cutting Machine 3,Laser Welding Machine 1,Assembly Machine 2,,0.3519230769230769,0.0
T3,,,Assembly Machine 2,Large Capacity Cutting Machine 2,Laser Welding Machine 2,,0.3510989010989011,0.0
T3,,,Laser Cutter,Assembly Machine 2,Large Capacity Cutting Machine 1,,0.35,0.0
T3,,,Medium Capacity Cutting Machine 1,Assembly Machine 2,Laser Cutter,,0.35,0.0
T3,,,Riveting Machine,Assembly Machine 2,Large Capacity Cutting Machine 1,,0.35,0.0
T3,,,Medium Capacity Cutting Machine 1,Assembly Machine 2,Low Capacity Cutting Machine 1,,0.35,0.0
T3,,,Low Capacity Cutting Machine 1,Assembly Machine 2,Medium Capacity Cutting Machine 1,,0.35,0.0
T3,,,Riveting Machine,Assembly Machine 2,Medium Capacity Cutting Machine 1,,0.35,0.0
T3,,,Laser Cutter,Assembly Machine 2,Medium Capacity Cutting Machine 1,,0.35,0.0
T3,,,Low Capacity Cutting Machine 1,Assembly Machine 2,Large Capacity Cutting Machine 1,,0.35,0.0
T3,,,Medium Capacity Cutting Machine 1,Assembly Machine 2,Riveting Machine,,0.35,0.0
T3,,,Laser Welding Machine 1,Large Capacity Cutting Machine 2,Assembly Machine 2,,0.3483516483516483,0.0
T3,,,Medium Capacity Cutting Machine 2,Large Capacity Cutting Machine 1,Testing Machine 2,,0.3482600732600732,0.0
T3,,,Medium Capacity Cutting Machine 2,Large Capacity Cutting Machine 1,Assembly Machine 3,,0.3482600732600732,0.0
T3,,,Medium Capacity Cutting Machine 2,Assembly Machine 1,Large Capacity Cutting Machine 2,,0.3482600732600732,0.0
T3,,,Medium Capacity Cutting Machine 2,Assembly Machine 1,Testing Machine 2,,0.3482600732600732,0.0
T3,,,Testing Machine 3,Medium Capacity Cutting Machine 3,Large Capacity Cutting Machine 2,,0.347069597069597,0.0
T3,,,Testing Machine 3,Medium Capacity Cutting Machine 3,Assembly Machine 3,,0.347069597069597,0.0
T3,,,Testing Machine 2,Laser Welding Machine 1,Assembly Machine 1,,0.3464285714285714,0.0
T3,,,Large Capacity Cutting Machine 2,Laser Welding Machine 1,Medium Capacity Cutting Machine 1,,0.3464285714285714,0.0
T3,,,Assembly Machine 3,Laser Welding Machine 1,Medium Capacity Cutting Machine 1,,0.3464285714285714,0.0
T3,,,Large Capacity Cutting Machine 2,Laser Welding Machine 1,Assembly Machine 1,,0.3464285714285714,0.0
T3,,,Testing Machine 2,Laser Welding Machine 1,Large Capacity Cutting Machine 1,,0.3464285714285714,0.0
T3,,,Assembly Machine 3,Laser Welding Machine 1,Large Capacity Cutting Machine 1,,0.3464285714285714,0.0
T3,,,Testing Machine 2,Laser Welding Machine 1,Medium Capacity Cutting Machine 1,,0.3464285714285714,0.0
T3,,,Low Capacity Cutting Machine 1,Testing Machine 1,Medium Capacity Cutting Machine 3,,0.3461538461538461,0.0
T3,,,Assembly Machine 1,Laser Cutter,Medium Capacity Cutting Machine 3,,0.3461538461538461,0.0
T3,,,Laser Cutter,Testing Machine 1,Medium Capacity Cutting Machine 3,,0.3461538461538461,0.0
T3,,,Assembly Machine 1,Low Capacity Cutting Machine 1,Medium Capacity Cutting Machine 3,,0.3461538461538461,0.0
T3,,,Riveting Machine,Testing Machine 1,Medium Capacity Cutting Machine 3,,0.3461538461538461,0.0
T3,,,Assembly Machine 1,Riveting Machine,Medium Capacity Cutting Machine 3,,0.3461538461538461,0.0
T3,,,Assembly Machine 2,Testing Machine 2,Large Capacity Cutting Machine 2,,0.3446886446886446,0.0
T3,,,Assembly Machine 2,Riveting Machine,Laser Welding Machine 1,,0.3434065934065933,0.0
T3,,,Assembly Machine 2,Laser Cutter,Laser Welding Machine 1,,0.3434065934065933,0.0
T3,,,Assembly Machine 2,Low Capacity Cutting Machine 1,Laser Welding Machine 1,,0.3434065934065933,0.0
T3,,,Medium Capacity Cutting Machine 2,Assembly Machine 2,Testing Machine 3,,0.3431318681318681,0.0
T3,,,Medium Capacity Cutting Machine 1,Laser Welding Machine 1,Testing Machine 2,,0.3423076923076923,0.0
T3,,,Assembly Machine 1,Laser Welding Machine 1,Testing Machine 2,,0.3423076923076923,0.0
T3,,,Medium Capacity Cutting Machine 1,Laser Welding Machine 1,Large Capacity Cutting Machine 2,,0.3423076923076923,0.0
T3,,,Medium Capacity Cutting Machine 1,Laser Welding Machine 1,Assembly Machine 3,,0.3423076923076923,0.0
T3,,,Assembly Machine 1,Laser Welding Machine 1,Large Capacity Cutting Machine 2,,0.3423076923076923,0.0
T3,,,Large Capacity Cutting Machine 1,Medium Capacity Cutting Machine 3,Laser Welding Machine 2,,0.3415750915750916,0.0
T3,,,Medium Capacity Cutting Machine 3,Assembly Machine 2,Laser Welding Machine 1,,0.3403846153846154,0.0
T3,,,Testing Machine 2,Laser Welding Machine 2,Assembly Machine 2,,0.340018315018315,0.0
T3,,,Large Capacity Cutting Machine 2,Laser Welding Machine 2,Assembly Machine 2,,0.340018315018315,0.0
T3,,,Large Capacity Cutting Machine 2,Assembly Machine 1,Testing Machine 3,,0.340018315018315,0.0
T3,,,Laser Welding Machine 2,Large Capacity Cutting Machine 1,Testing Machine 3,,0.340018315018315,0.0
T3,,,Laser Welding Machine 2,Assembly Machine 1,Testing Machine 3,,0.340018315018315,0.0
T3,,,Assembly Machine 3,Large Capacity Cutting Machine 1,Testing Machine 3,,0.340018315018315,0.0
T3,,,Large Capacity Cutting Machine 1,Laser Welding Machine 2,Medium Capacity Cutting Machine 2,,0.3393772893772894,0.0
T3,,,Medium Capacity Cutting Machine 2,Low Capacity Cutting Machine 1,Assembly Machine 1,,0.3392857142857143,0.0
T3,,,Medium Capacity Cutting Machine 2,Riveting Machine,Large Capacity Cutting Machine 1,,0.3392857142857143,0.0
T3,,,Medium Capacity Cutting Machine 2,Low Capacity Cutting Machine 1,Large Capacity Cutting Machine 1,,0.3392857142857143,0.0
T3,,,Medium Capacity Cutting Machine 2,Testing Machine 1,Riveting Machine,,0.3392857142857143,0.0
T3,,,Medium Capacity Cutting Machine 2,Laser Cutter,Assembly Machine 1,,0.3392857142857143,0.0
T3,,,Medium Capacity Cutting Machine 2,Laser Cutter,Large Capacity Cutting Machine 1,,0.3392857142857143,0.0
T3,,,Medium Capacity Cutting Machine 2,Testing Machine 1,Low Capacity Cutting Machine 1,,0.3392857142857143,0.0
T3,,,Medium Capacity Cutting Machine 2,Riveting Machine,Assembly Machine 1,,0.3392857142857143,0.0
T3,,,Medium Capacity Cutting Machine 2,Testing Machine 1,Laser Cutter,,0.3392857142857143,0.0
T3,,,Large Capacity Cutting Machine 1,Assembly Machine 2,Medium Capacity Cutting Machine 3,,0.339010989010989,0.0
T3,,,Laser Welding Machine 1,Assembly Machine 2,Medium Capacity Cutting Machine 3,,0.339010989010989,0.0
T3,,,Laser Cutter,Medium Capacity Cutting Machine 1,Testing Machine 1,,0.3384615384615384,0.0
T3,,,Riveting Machine,Medium Capacity Cutting Machine 1,Testing Machine 1,,0.3384615384615384,0.0
T3,,,Low Capacity Cutting Machine 1,Medium Capacity Cutting Machine 1,Testing Machine 1,,0.3384615384615384,0.0
T3,,,Assembly Machine 2,Testing Machine 3,Medium Capacity Cutting Machine 2,,0.3369963369963369,0.0
T3,,,Testing Machine 1,Laser Welding Machine 2,Medium Capacity Cutting Machine 3,,0.3366300366300366,0.0
T3,,,Assembly Machine 2,Medium Capacity Cutting Machine 1,Riveting Machine,,0.3357142857142857,0.0
T3,,,Assembly Machine 2,Medium Capacity Cutting Machine 1,Low Capacity Cutting Machine 1,,0.3357142857142857,0.0
T3,,,Assembly Machine 2,Medium Capacity Cutting Machine 1,Laser Cutter,,0.3357142857142857,0.0
T3,,,Medium Capacity Cutting Machine 3,Laser Welding Machine 2,Testing Machine 3,,0.3352564102564103,0.0
T3,,,Large Capacity Cutting Machine 2,Assembly Machine 2,Testing Machine 1,,0.3348901098901098,0.0
T3,,,Laser Welding Machine 2,Assembly Machine 2,Testing Machine 1,,0.3348901098901098,0.0
T3,,,Assembly Machine 1,Large Capacity Cutting Machine 2,Medium Capacity Cutting Machine 2,,0.3346153846153846,0.0
T3,,,Testing Machine 1,Laser Welding Machine 1,Assembly Machine 2,,0.334065934065934,0.0
T3,,,Assembly Machine 1,Medium Capacity Cutting Machine 3,Riveting Machine,,0.3333333333333333,0.0
T3,,,Low Capacity Cutting Machine 1,Medium Capacity Cutting Machine 3,Large Capacity Cutting Machine 1,,0.3333333333333333,0.0
T3,,,Riveting Machine,Medium Capacity Cutting Machine 3,Large Capacity Cutting Machine 1,,0.3333333333333333,0.0
T3,,,Riveting Machine,Medium Capacity Cutting Machine 3,Assembly Machine 1,,0.3333333333333333,0.0
T3,,,Low Capacity Cutting Machine 1,Medium Capacity Cutting Machine 3,Assembly Machine 1,,0.3333333333333333,0.0
T3,,,Assembly Machine 1,Medium Capacity Cutting Machine 3,Low Capacity Cutting Machine 1,,0.3333333333333333,0.0
T3,,,Assembly Machine 1,Medium Capacity Cutting Machine 3,Laser Cutter,,0.3333333333333333,0.0
T3,,,Laser Cutter,Medium Capacity Cutting Machine 3,Large Capacity Cutting Machine 1,,0.3333333333333333,0.0
T3,,,Laser Cutter,Medium Capacity Cutting Machine 3,Assembly Machine 1,,0.3333333333333333,0.0
T3,,,Medium Capacity Cutting Machine 2,Testing Machine 3,Assembly Machine 2,,0.3328754578754578,0.0
T3,,,Assembly Machine 2,Large Capacity Cutting Machine 2,Medium Capacity Cutting Machine 3,,0.3318681318681318,0.0
T3,,,Laser Welding Machine 2,Testing Machine 1,Medium Capacity Cutting Machine 2,,0.331043956043956,0.0
T3,,,Assembly Machine 3,Testing Machine 1,Medium Capacity Cutting Machine 2,,0.331043956043956,0.0
T3,,,Large Capacity Cutting Machine 2,Testing Machine 1,Medium Capacity Cutting Machine 2,,0.331043956043956,0.0
T3,,,Testing Machine 3,Laser Welding Machine 2,Large Capacity Cutting Machine 2,,0.3304029304029304,0.0
T3,,,Testing Machine 3,Laser Welding Machine 2,Assembly Machine 3,,0.3304029304029304,0.0
T3,,,Laser Welding Machine 1,Large Capacity Cutting Machine 1,Assembly Machine 3,,0.3304029304029303,0.0
T3,,,Laser Welding Machine 1,Large Capacity Cutting Machine 1,Testing Machine 2,,0.3304029304029303,0.0
T3,,,Laser Welding Machine 1,Assembly Machine 1,Testing Machine 2,,0.3304029304029303,0.0
T3,,,Large Capacity Cutting Machine 1,Assembly Machine 1,Testing Machine 2,,0.3304029304029303,0.0
T3,,,Laser Welding Machine 1,Assembly Machine 1,Large Capacity Cutting Machine 2,,0.3304029304029303,0.0
T3,,,Laser Welding Machine 2,Medium Capacity Cutting Machine 2,Large Capacity Cutting Machine 1,,0.3297619047619047,0.0
T3,,,Testing Machine 2,Medium Capacity Cutting Machine 2,Large Capacity Cutting Machine 1,,0.3297619047619047,0.0
T3,,,Laser Welding Machine 2,Medium Capacity Cutting Machine 2,Assembly Machine 1,,0.3297619047619047,0.0
T3,,,Assembly Machine 3,Medium Capacity Cutting Machine 2,Large Capacity Cutting Machine 1,,0.3297619047619047,0.0
T3,,,Large Capacity Cutting Machine 2,Medium Capacity Cutting Machine 2,Assembly Machine 1,,0.3297619047619047,0.0
T3,,,Testing Machine 2,Medium Capacity Cutting Machine 2,Assembly Machine 1,,0.3297619047619047,0.0
T3,,,Testing Machine 3,Assembly Machine 3,Laser Welding Machine 1,,0.3291208791208792,0.0
T3,,,Testing Machine 3,Large Capacity Cutting Machine 2,Laser Welding Machine 1,,0.3291208791208792,0.0
T3,,,Medium Capacity Cutting Machine 2,Large Capacity Cutting Machine 2,Testing Machine 1,,0.3277472527472527,0.0
T3,,,Medium Capacity Cutting Machine 2,Assembly Machine 3,Testing Machine 1,,0.3277472527472527,0.0
T3,,,Medium Capacity Cutting Machine 1,Low Capacity Cutting Machine 1,Testing Machine 3,,0.3269230769230769,0.0
T3,,,Assembly Machine 1,Laser Cutter,Testing Machine 3,,0.3269230769230769,0.0
T3,,,Assembly Machine 1,Low Capacity Cutting Machine 1,Testing Machine 3,,0.3269230769230769,0.0
T3,,,Assembly Machine 1,Riveting Machine,Testing Machine 3,,0.3269230769230769,0.0
T3,,,Medium Capacity Cutting Machine 1,Riveting Machine,Testing Machine 3,,0.3269230769230769,0.0
T3,,,Medium Capacity Cutting Machine 1,Laser Cutter,Testing Machine 3,,0.3269230769230769,0.0
T3,,,Assembly Machine 1,Medium Capacity Cutting Machine 2,Testing Machine 2,,0.3256410256410256,0.0
T3,,,Assembly Machine 1,Medium Capacity Cutting Machine 2,Large Capacity Cutting Machine 2,,0.3256410256410256,0.0
T3,,,Medium Capacity Cutting Machine 3,Large Capacity Cutting Machine 2,Assembly Machine 1,,0.325,0.0
T3,,,Medium Capacity Cutting Machine 3,Assembly Machine 3,Large Capacity Cutting Machine 1,,0.325,0.0
T3,,,Testing Machine 2,Medium Capacity Cutting Machine 1,Assembly Machine 2,,0.3233516483516483,0.0
T3,,,Laser Welding Machine 2,Medium Capacity Cutting Machine 1,Assembly Machine 2,,0.3233516483516483,0.0
T3,,,Large Capacity Cutting Machine 2,Medium Capacity Cutting Machine 1,Assembly Machine 2,,0.3233516483516483,0.0
T3,,,Testing Machine 1,Medium Capacity Cutting Machine 1,Laser Welding Machine 2,,0.3225274725274725,0.0
T3,,,Testing Machine 1,Assembly Machine 2,Laser Welding Machine 1,,0.3225274725274725,0.0
T3,,,Riveting Machine,Assembly Machine 1,Testing Machine 1,,0.3217948717948717,0.0
T3,,,Riveting Machine,Large Capacity Cutting Machine 1,Testing Machine 1,,0.3217948717948717,0.0
T3,,,Laser Cutter,Large Capacity Cutting Machine 1,Testing Machine 1,,0.3217948717948717,0.0
T3,,,Laser Cutter,Assembly Machine 1,Testing Machine 1,,0.3217948717948717,0.0
T3,,,Low Capacity Cutting Machine 1,Assembly Machine 1,Testing Machine 1,,0.3217948717948717,0.0
T3,,,Low Capacity Cutting Machine 1,Large Capacity Cutting Machine 1,Testing Machine 1,,0.3217948717948717,0.0
T3,,,Laser Welding Machine 1,Riveting Machine,Medium Capacity Cutting Machine 1,,0.3214285714285714,0.0
T3,,,Laser Welding Machine 1,Laser Cutter,Large Capacity Cutting Machine 1,,0.3214285714285714,0.0
T3,,,Laser Welding Machine 1,Low Capacity Cutting Machine 1,Medium Capacity Cutting Machine 1,,0.3214285714285714,0.0
T3,,,Laser Welding Machine 1,Low Capacity Cutting Machine 1,Large Capacity Cutting Machine 1,,0.3214285714285714,0.0
T3,,,Laser Welding Machine 1,Laser Cutter,Medium Capacity Cutting Machine 1,,0.3214285714285714,0.0
T3,,,Large Capacity Cutting Machine 1,Riveting Machine,Medium Capacity Cutting Machine 1,,0.3214285714285714,0.0
T3,,,Large Capacity Cutting Machine 1,Testing Machine 1,Low Capacity Cutting Machine 1,,0.3214285714285714,0.0
T3,,,Large Capacity Cutting Machine 1,Testing Machine 1,Riveting Machine,,0.3214285714285714,0.0
T3,,,Laser Welding Machine 1,Laser Cutter,Assembly Machine 1,,0.3214285714285714,0.0
T3,,,Large Capacity Cutting Machine 1,Testing Machine 1,Laser Cutter,,0.3214285714285714,0.0
T3,,,Laser Welding Machine 1,Riveting Machine,Large Capacity Cutting Machine 1,,0.3214285714285714,0.0
T3,,,Laser Welding Machine 1,Riveting Machine,Assembly Machine 1,,0.3214285714285714,0.0
T3,,,Large Capacity Cutting Machine 1,Riveting Machine,Assembly Machine 1,,0.3214285714285714,0.0
T3,,,Laser Welding Machine 1,Low Capacity Cutting Machine 1,Assembly Machine 1,,0.3214285714285714,0.0
T3,,,Large Capacity Cutting Machine 1,Low Capacity Cutting Machine 1,Medium Capacity Cutting Machine 1,,0.3214285714285714,0.0
T3,,,Large Capacity Cutting Machine 1,Low Capacity Cutting Machine 1,Assembly Machine 1,,0.3214285714285714,0.0
T3,,,Large Capacity Cutting Machine 1,Laser Cutter,Medium Capacity Cutting Machine 1,,0.3214285714285714,0.0
T3,,,Laser Welding Machine 1,Testing Machine 1,Riveting Machine,,0.3214285714285714,0.0
T3,,,Laser Welding Machine 1,Testing Machine 1,Low Capacity Cutting Machine 1,,0.3214285714285714,0.0
T3,,,Large Capacity Cutting Machine 1,Laser Cutter,Assembly Machine 1,,0.3214285714285714,0.0
T3,,,Laser Welding Machine 1,Testing Machine 1,Laser Cutter,,0.3214285714285714,0.0
T3,,,Medium Capacity Cutting Machine 2,Testing Machine 2,Laser Welding Machine 1,,0.3213369963369963,0.0
T3,,,Testing Machine 2,Assembly Machine 1,Laser Welding Machine 1,,0.3207875457875457,0.0
T3,,,Testing Machine 2,Large Capacity Cutting Machine 1,Laser Welding Machine 1,,0.3207875457875457,0.0
T3,,,Assembly Machine 3,Large Capacity Cutting Machine 1,Laser Welding Machine 1,,0.3207875457875457,0.0
T3,,,Large Capacity Cutting Machine 2,Assembly Machine 1,Laser Welding Machine 1,,0.3207875457875457,0.0
T3,,,Assembly Machine 2,Laser Welding Machine 1,Medium Capacity Cutting Machine 2,,0.3203296703296703,0.0
T3,,,Large Capacity Cutting Machine 1,Medium Capacity Cutting Machine 2,Laser Welding Machine 1,,0.3201465201465201,0.0
T3,,,Testing Machine 3,Medium Capacity Cutting Machine 2,Laser Welding Machine 2,,0.3201465201465201,0.0
T3,,,Large Capacity Cutting Machine 1,Assembly Machine 2,Testing Machine 3,,0.3197802197802197,0.0
T3,,,Laser Welding Machine 1,Assembly Machine 2,Testing Machine 3,,0.3197802197802197,0.0
T3,,,Assembly Machine 2,Large Capacity Cutting Machine 1,Riveting Machine,,0.319047619047619,0.0
T3,,,Assembly Machine 2,Large Capacity Cutting Machine 1,Low Capacity Cutting Machine 1,,0.319047619047619,0.0
T3,,,Assembly Machine 2,Large Capacity Cutting Machine 1,Laser Cutter,,0.319047619047619,0.0
T3,,,Medium Capacity Cutting Machine 3,Testing Machine 2,Assembly Machine 2,,0.3185897435897435,0.0
T3,,,Assembly Machine 3,Medium Capacity Cutting Machine 3,Testing Machine 1,,0.3182234432234432,0.0
T3,,,Large Capacity Cutting Machine 2,Medium Capacity Cutting Machine 3,Testing Machine 1,,0.3182234432234432,0.0
T3,,,Laser Welding Machine 2,Medium Capacity Cutting Machine 3,Testing Machine 1,,0.3182234432234432,0.0
T3,,,Assembly Machine 2,Testing Machine 3,Laser Welding Machine 2,,0.3177655677655678,0.0
T3,,,Testing Machine 3,Laser Welding Machine 1,Medium Capacity Cutting Machine 3,,0.3175824175824175,0.0
T3,,,Testing Machine 1,Medium Capacity Cutting Machine 2,Assembly Machine 2,,0.3173992673992674,0.0
T3,,,Medium Capacity Cutting Machine 3,Testing Machine 1,Assembly Machine 3,,0.3173076923076923,0.0
T3,,,Medium Capacity Cutting Machine 3,Testing Machine 1,Large Capacity Cutting Machine 2,,0.3173076923076923,0.0
T3,,,Assembly Machine 1,Laser Welding Machine 2,Laser Cutter,,0.3166666666666666,0.0
T3,,,Laser Cutter,Laser Welding Machine 2,Medium Capacity Cutting Machine 1,,0.3166666666666666,0.0
T3,,,Laser Cutter,Laser Welding Machine 2,Large Capacity Cutting Machine 1,,0.3166666666666666,0.0
T3,,,Laser Cutter,Laser Welding Machine 2,Assembly Machine 1,,0.3166666666666666,0.0
T3,,,Assembly Machine 1,Laser Welding Machine 2,Low Capacity Cutting Machine 1,,0.3166666666666666,0.0
T3,,,Assembly Machine 1,Laser Welding Machine 2,Riveting Machine,,0.3166666666666666,0.0
T3,,,Riveting Machine,Laser Welding Machine 2,Large Capacity Cutting Machine 1,,0.3166666666666666,0.0
T3,,,Riveting Machine,Laser Welding Machine 2,Assembly Machine 1,,0.3166666666666666,0.0
T3,,,Riveting Machine,Laser Welding Machine 2,Medium Capacity Cutting Machine 1,,0.3166666666666666,0.0
T3,,,Medium Capacity Cutting Machine 1,Laser Welding Machine 2,Low Capacity Cutting Machine 1,,0.3166666666666666,0.0
T3,,,Medium Capacity Cutting Machine 1,Laser Welding Machine 2,Laser Cutter,,0.3166666666666666,0.0
T3,,,Low Capacity Cutting Machine 1,Laser Welding Machine 2,Assembly Machine 1,,0.3166666666666666,0.0
T3,,,Medium Capacity Cutting Machine 1,Laser Welding Machine 2,Riveting Machine,,0.3166666666666666,0.0
T3,,,Low Capacity Cutting Machine 1,Laser Welding Machine 2,Medium Capacity Cutting Machine 1,,0.3166666666666666,0.0
T3,,,Low Capacity Cutting Machine 1,Laser Welding Machine 2,Large Capacity Cutting Machine 1,,0.3166666666666666,0.0
T3,,,Medium Capacity Cutting Machine 2,Laser Welding Machine 1,Assembly Machine 2,,0.3162087912087912,0.0
T3,,,Assembly Machine 1,Large Capacity Cutting Machine 2,Laser Welding Machine 2,,0.3153846153846154,0.0
T3,,,Medium Capacity Cutting Machine 1,Assembly Machine 3,Laser Welding Machine 2,,0.3153846153846154,0.0
T3,,,Medium Capacity Cutting Machine 1,Large Capacity Cutting Machine 2,Laser Welding Machine 2,,0.3153846153846154,0.0
T3,,,Large Capacity Cutting Machine 1,Testing Machine 3,Assembly Machine 2,,0.315018315018315,0.0
T3,,,Laser Welding Machine 1,Testing Machine 3,Assembly Machine 2,,0.315018315018315,0.0
T3,,,Testing Machine 3,Medium Capacity Cutting Machine 1,Large Capacity Cutting Machine 2,,0.3137362637362637,0.0
T3,,,Testing Machine 3,Medium Capacity Cutting Machine 1,Assembly Machine 3,,0.3137362637362637,0.0
T3,,,Medium Capacity Cutting Machine 3,Laser Welding Machine 1,Testing Machine 1,,0.3134615384615384,0.0
T3,,,Laser Welding Machine 2,Testing Machine 2,Medium Capacity Cutting Machine 1,,0.3130952380952381,0.0
T3,,,Large Capacity Cutting Machine 2,Testing Machine 2,Medium Capacity Cutting Machine 1,,0.3130952380952381,0.0
T3,,,Large Capacity Cutting Machine 2,Testing Machine 2,Assembly Machine 1,,0.3130952380952381,0.0
T3,,,Laser Welding Machine 2,Testing Machine 2,Large Capacity Cutting Machine 1,,0.3130952380952381,0.0
T3,,,Assembly Machine 3,Testing Machine 2,Large Capacity Cutting Machine 1,,0.3130952380952381,0.0
T3,,,Assembly Machine 3,Testing Machine 2,Medium Capacity Cutting Machine 1,,0.3130952380952381,0.0
T3,,,Laser Welding Machine 2,Testing Machine 2,Assembly Machine 1,,0.3130952380952381,0.0
T3,,,Assembly Machine 2,Large Capacity Cutting Machine 2,Testing Machine 3,,0.3126373626373626,0.0
T3,,,Large Capacity Cutting Machine 2,Testing Machine 1,Laser Welding Machine 2,,0.3118131868131868,0.0
T3,,,Assembly Machine 3,Testing Machine 1,Laser Welding Machine 2,,0.3118131868131868,0.0
T3,,,Assembly Machine 2,Medium Capacity Cutting Machine 3,Testing Machine 2,,0.3113553113553113,0.0
T3,,,Assembly Machine 2,Medium Capacity Cutting Machine 3,Large Capacity Cutting Machine 2,,0.3113553113553113,0.0
T3,,,Laser Welding Machine 1,Large Capacity Cutting Machine 2,Testing Machine 1,,0.3098901098901099,0.0
T3,,,Laser Welding Machine 1,Assembly Machine 3,Testing Machine 1,,0.3098901098901099,0.0
T3,,,Testing Machine 3,Large Capacity Cutting Machine 2,Assembly Machine 2,,0.3098901098901099,0.0
T3,,,Large Capacity Cutting Machine 1,Assembly Machine 3,Testing Machine 1,,0.3098901098901099,0.0
T3,,,Medium Capacity Cutting Machine 1,Testing Machine 2,Large Capacity Cutting Machine 2,,0.308974358974359,0.0
T3,,,Medium Capacity Cutting Machine 1,Testing Machine 2,Assembly Machine 3,,0.308974358974359,0.0
T3,,,Assembly Machine 1,Testing Machine 2,Large Capacity Cutting Machine 2,,0.308974358974359,0.0
T3,,,Testing Machine 1,Large Capacity Cutting Machine 1,Medium Capacity Cutting Machine 2,,0.3084249084249084,0.0
T3,,,Testing Machine 1,Assembly Machine 1,Medium Capacity Cutting Machine 2,,0.3084249084249084,0.0
T3,,,Assembly Machine 1,Laser Cutter,Laser Welding Machine 1,,0.3076923076923077,0.0
T3,,,Medium Capacity Cutting Machine 1,Laser Cutter,Laser Welding Machine 1,,0.3076923076923077,0.0
T3,,,Riveting Machine,Testing Machine 1,Laser Welding Machine 1,,0.3076923076923077,0.0
T3,,,Medium Capacity Cutting Machine 1,Riveting Machine,Laser Welding Machine 1,,0.3076923076923077,0.0
T3,,,Medium Capacity Cutting Machine 1,Low Capacity Cutting Machine 1,Laser Welding Machine 1,,0.3076923076923077,0.0
T3,,,Laser Cutter,Testing Machine 1,Laser Welding Machine 1,,0.3076923076923077,0.0
T3,,,Assembly Machine 1,Low Capacity Cutting Machine 1,Laser Welding Machine 1,,0.3076923076923077,0.0
T3,,,Assembly Machine 1,Riveting Machine,Laser Welding Machine 1,,0.3076923076923077,0.0
T3,,,Low Capacity Cutting Machine 1,Testing Machine 1,Laser Welding Machine 1,,0.3076923076923077,0.0
T3,,,Testing Machine 1,Assembly Machine 3,Large Capacity Cutting Machine 1,,0.3071428571428571,0.0
T3,,,Testing Machine 1,Assembly Machine 3,Medium Capacity Cutting Machine 1,,0.3071428571428571,0.0
T3,,,Testing Machine 1,Large Capacity Cutting Machine 2,Medium Capacity Cutting Machine 1,,0.3071428571428571,0.0
T3,,,Testing Machine 1,Large Capacity Cutting Machine 2,Assembly Machine 1,,0.3071428571428571,0.0
T3,,,Medium Capacity Cutting Machine 3,Assembly Machine 1,Laser Welding Machine 2,,0.307051282051282,0.0
T3,,,Medium Capacity Cutting Machine 3,Large Capacity Cutting Machine 1,Laser Welding Machine 2,,0.307051282051282,0.0
T3,,,Testing Machine 3,Assembly Machine 2,Medium Capacity Cutting Machine 2,,0.306043956043956,0.0
T3,,,Testing Machine 1,Medium Capacity Cutting Machine 3,Laser Welding Machine 1,,0.3058608058608059,0.0
T3,,,Assembly Machine 2,Riveting Machine,Testing Machine 1,,0.3049450549450549,0.0
T3,,,Assembly Machine 2,Laser Cutter,Testing Machine 1,,0.3049450549450549,0.0
T3,,,Assembly Machine 2,Low Capacity Cutting Machine 1,Testing Machine 1,,0.3049450549450549,0.0
T3,,,Medium Capacity Cutting Machine 2,Assembly Machine 2,Laser Welding Machine 1,,0.3046703296703297,0.0
T3,,,Large Capacity Cutting Machine 1,Testing Machine 2,Laser Welding Machine 1,,0.3034798534798535,0.0
T3,,,Large Capacity Cutting Machine 1,Medium Capacity Cutting Machine 3,Testing Machine 3,,0.3031135531135531,0.0
T3,,,Laser Welding Machine 1,Medium Capacity Cutting Machine 3,Testing Machine 3,,0.3031135531135531,0.0
T3,,,Testing Machine 2,Large Capacity Cutting Machine 1,Assembly Machine 2,,0.3015567765567765,0.0
T3,,,Laser Welding Machine 2,Large Capacity Cutting Machine 1,Assembly Machine 2,,0.3015567765567765,0.0
T3,,,Assembly Machine 3,Laser Welding Machine 2,Testing Machine 1,,0.3015567765567765,0.0
T3,,,Large Capacity Cutting Machine 2,Laser Welding Machine 2,Testing Machine 1,,0.3015567765567765,0.0
T3,,,Assembly Machine 1,Testing Machine 3,Medium Capacity Cutting Machine 2,,0.3012820512820513,0.0
T3,,,Large Capacity Cutting Machine 1,Laser Welding Machine 2,Medium Capacity Cutting Machine 3,,0.3009157509157509,0.0
T3,,,Laser Cutter,Medium Capacity Cutting Machine 1,Large Capacity Cutting Machine 1,,0.3,0.0
T3,,,Laser Cutter,Medium Capacity Cutting Machine 1,Assembly Machine 1,,0.3,0.0
T3,,,Assembly Machine 1,Medium Capacity Cutting Machine 1,Riveting Machine,,0.3,0.0
T3,,,Low Capacity Cutting Machine 1,Medium Capacity Cutting Machine 1,Assembly Machine 1,,0.3,0.0
T3,,,Low Capacity Cutting Machine 1,Medium Capacity Cutting Machine 1,Large Capacity Cutting Machine 1,,0.3,0.0
T3,,,Assembly Machine 1,Medium Capacity Cutting Machine 1,Low Capacity Cutting Machine 1,,0.3,0.0
T3,,,Assembly Machine 1,Medium Capacity Cutting Machine 1,Laser Cutter,,0.3,0.0
T3,,,Riveting Machine,Medium Capacity Cutting Machine 1,Assembly Machine 1,,0.3,0.0
T3,,,Riveting Machine,Medium Capacity Cutting Machine 1,Large Capacity Cutting Machine 1,,0.3,0.0
T3,,,Medium Capacity Cutting Machine 2,Laser Welding Machine 2,Testing Machine 3,,0.2995421245421246,0.0
T3,,,Assembly Machine 2,Testing Machine 3,Medium Capacity Cutting Machine 3,,0.2985347985347985,0.0
T3,,,Large Capacity Cutting Machine 1,Laser Welding Machine 1,Assembly Machine 2,,0.2983516483516483,0.0
T3,,,Large Capacity Cutting Machine 2,Assembly Machine 2,Medium Capacity Cutting Machine 1,,0.2964285714285714,0.0
T3,,,Laser Welding Machine 2,Assembly Machine 2,Large Capacity Cutting Machine 1,,0.2964285714285714,0.0
T3,,,Laser Welding Machine 2,Assembly Machine 2,Medium Capacity Cutting Machine 1,,0.2964285714285714,0.0
T3,,,Testing Machine 2,Assembly Machine 2,Large Capacity Cutting Machine 1,,0.2964285714285714,0.0
T3,,,Testing Machine 2,Assembly Machine 2,Medium Capacity Cutting Machine 1,,0.2964285714285714,0.0
T3,,,Assembly Machine 1,Large Capacity Cutting Machine 2,Medium Capacity Cutting Machine 3,,0.2961538461538461,0.0
T3,,,Assembly Machine 2,Laser Welding Machine 2,Testing Machine 2,,0.2946886446886447,0.0
T3,,,Assembly Machine 2,Laser Welding Machine 2,Large Capacity Cutting Machine 2,,0.2946886446886447,0.0
T3,,,Testing Machine 3,Large Capacity Cutting Machine 1,Assembly Machine 3,,0.2946886446886446,0.0
T3,,,Testing Machine 3,Assembly Machine 1,Large Capacity Cutting Machine 2,,0.2946886446886446,0.0
T3,,,Assembly Machine 2,Large Capacity Cutting Machine 2,Laser Welding Machine 1,,0.2934065934065934,0.0
T3,,,Laser Welding Machine 2,Testing Machine 1,Medium Capacity Cutting Machine 3,,0.2925824175824175,0.0
T3,,,Large Capacity Cutting Machine 2,Testing Machine 1,Medium Capacity Cutting Machine 3,,0.2925824175824175,0.0
T3,,,Assembly Machine 3,Testing Machine 1,Medium Capacity Cutting Machine 3,,0.2925824175824175,0.0
T3,,,Medium Capacity Cutting Machine 1,Assembly Machine 2,Large Capacity Cutting Machine 2,,0.2923076923076922,0.0
T3,,,Medium Capacity Cutting Machine 1,Assembly Machine 2,Testing Machine 2,,0.2923076923076922,0.0
T3,,,Medium Capacity Cutting Machine 3,Testing Machine 3,Large Capacity Cutting Machine 1,,0.2916666666666667,0.0
T3,,,Medium Capacity Cutting Machine 3,Testing Machine 3,Assembly Machine 1,,0.2916666666666667,0.0
T3,,,Medium Capacity Cutting Machine 2,Large Capacity Cutting Machine 2,Assembly Machine 1,,0.2892857142857142,0.0
T3,,,Medium Capacity Cutting Machine 2,Assembly Machine 3,Large Capacity Cutting Machine 1,,0.2892857142857142,0.0
T3,,,Testing Machine 1,Large Capacity Cutting Machine 1,Laser Welding Machine 2,,0.2891941391941391,0.0
T3,,,Testing Machine 1,Assembly Machine 1,Laser Welding Machine 2,,0.2891941391941391,0.0
T3,,,Medium Capacity Cutting Machine 1,Laser Cutter,Assembly Machine 2,,0.2884615384615384,0.0
T3,,,Medium Capacity Cutting Machine 1,Riveting Machine,Assembly Machine 2,,0.2884615384615384,0.0
T3,,,Low Capacity Cutting Machine 1,Testing Machine 1,Assembly Machine 2,,0.2884615384615384,0.0
T3,,,Laser Cutter,Testing Machine 1,Assembly Machine 2,,0.2884615384615384,0.0
T3,,,Riveting Machine,Testing Machine 1,Assembly Machine 2,,0.2884615384615384,0.0
T3,,,Medium Capacity Cutting Machine 1,Low Capacity Cutting Machine 1,Assembly Machine 2,,0.2884615384615384,0.0
T3,,,Assembly Machine 2,Testing Machine 2,Medium Capacity Cutting Machine 2,,0.286996336996337,0.0
T3,,,Testing Machine 3,Assembly Machine 2,Laser Welding Machine 2,,0.2868131868131868,0.0
T3,,,Large Capacity Cutting Machine 1,Medium Capacity Cutting Machine 1,Laser Welding Machine 2,,0.2868131868131868,0.0
T3,,,Large Capacity Cutting Machine 1,Assembly Machine 2,Laser Welding Machine 1,,0.2868131868131868,0.0
T3,,,Testing Machine 3,Laser Cutter,Medium Capacity Cutting Machine 1,,0.2857142857142857,0.0
T3,,,Testing Machine 3,Laser Cutter,Large Capacity Cutting Machine 1,,0.2857142857142857,0.0
T3,,,Testing Machine 3,Riveting Machine,Assembly Machine 1,,0.2857142857142857,0.0
T3,,,Testing Machine 3,Laser Cutter,Assembly Machine 1,,0.2857142857142857,0.0
T3,,,Testing Machine 3,Low Capacity Cutting Machine 1,Assembly Machine 1,,0.2857142857142857,0.0
T3,,,Testing Machine 3,Riveting Machine,Large Capacity Cutting Machine 1,,0.2857142857142857,0.0
T3,,,Testing Machine 3,Low Capacity Cutting Machine 1,Large Capacity Cutting Machine 1,,0.2857142857142857,0.0
T3,,,Testing Machine 3,Riveting Machine,Medium Capacity Cutting Machine 1,,0.2857142857142857,0.0
T3,,,Testing Machine 3,Low Capacity Cutting Machine 1,Medium Capacity Cutting Machine 1,,0.2857142857142857,0.0
T3,,,Laser Welding Machine 2,Medium Capacity Cutting Machine 1,Testing Machine 1,,0.2848901098901098,0.0
T3,,,Large Capacity Cutting Machine 2,Medium Capacity Cutting Machine 1,Testing Machine 1,,0.2848901098901098,0.0
T3,,,Assembly Machine 3,Medium Capacity Cutting Machine 1,Testing Machine 1,,0.2848901098901098,0.0
T3,,,Assembly Machine 1,Laser Welding Machine 1,Medium Capacity Cutting Machine 2,,0.2846153846153846,0.0
T3,,,Assembly Machine 2,Medium Capacity Cutting Machine 2,Laser Welding Machine 2,,0.2844322344322344,0.0
T3,,,Laser Cutter,Large Capacity Cutting Machine 1,Medium Capacity Cutting Machine 1,,0.2833333333333333,0.0
T3,,,Medium Capacity Cutting Machine 1,Assembly Machine 1,Riveting Machine,,0.2833333333333333,0.0
T3,,,Medium Capacity Cutting Machine 1,Assembly Machine 1,Low Capacity Cutting Machine 1,,0.2833333333333333,0.0
T3,,,Assembly Machine 1,Large Capacity Cutting Machine 1,Riveting Machine,,0.2833333333333333,0.0
T3,,,Low Capacity Cutting Machine 1,Large Capacity Cutting Machine 1,Medium Capacity Cutting Machine 1,,0.2833333333333333,0.0
T3,,,Assembly Machine 1,Large Capacity Cutting Machine 1,Low Capacity Cutting Machine 1,,0.2833333333333333,0.0
T3,,,Low Capacity Cutting Machine 1,Assembly Machine 1,Large Capacity Cutting Machine 1,,0.2833333333333333,0.0
T3,,,Low Capacity Cutting Machine 1,Assembly Machine 1,Medium Capacity Cutting Machine 1,,0.2833333333333333,0.0
T3,,,Low Capacity Cutting Machine 1,Large Capacity Cutting Machine 1,Assembly Machine 1,,0.2833333333333333,0.0
T3,,,Riveting Machine,Large Capacity Cutting Machine 1,Medium Capacity Cutting Machine 1,,0.2833333333333333,0.0
T3,,,Assembly Machine 1,Large Capacity Cutting Machine 1,Laser Cutter,,0.2833333333333333,0.0
T3,,,Riveting Machine,Assembly Machine 1,Large Capacity Cutting Machine 1,,0.2833333333333333,0.0
T3,,,Riveting Machine,Assembly Machine 1,Medium Capacity Cutting Machine 1,,0.2833333333333333,0.0
T3,,,Medium Capacity Cutting Machine 1,Assembly Machine 1,Laser Cutter,,0.2833333333333333,0.0
T3,,,Laser Cutter,Assembly Machine 1,Medium Capacity Cutting Machine 1,,0.2833333333333333,0.0
T3,,,Laser Cutter,Assembly Machine 1,Large Capacity Cutting Machine 1,,0.2833333333333333,0.0
T3,,,Laser Cutter,Large Capacity Cutting Machine 1,Assembly Machine 1,,0.2833333333333333,0.0
T3,,,Medium Capacity Cutting Machine 1,Large Capacity Cutting Machine 1,Low Capacity Cutting Machine 1,,0.2833333333333333,0.0
T3,,,Medium Capacity Cutting Machine 1,Large Capacity Cutting Machine 1,Riveting Machine,,0.2833333333333333,0.0
T3,,,Riveting Machine,Large Capacity Cutting Machine 1,Assembly Machine 1,,0.2833333333333333,0.0
T3,,,Medium Capacity Cutting Machine 1,Large Capacity Cutting Machine 1,Laser Cutter,,0.2833333333333333,0.0
T3,,,Medium Capacity Cutting Machine 2,Testing Machine 2,Assembly Machine 2,,0.2828754578754578,0.0
T3,,,Medium Capacity Cutting Machine 1,Testing Machine 3,Laser Welding Machine 2,,0.282051282051282,0.0
T3,,,Assembly Machine 1,Testing Machine 3,Laser Welding Machine 2,,0.282051282051282,0.0
T3,,,Assembly Machine 2,Laser Welding Machine 1,Medium Capacity Cutting Machine 3,,0.2818681318681318,0.0
T3,,,Large Capacity Cutting Machine 1,Laser Welding Machine 2,Testing Machine 3,,0.2816849816849817,0.0
T3,,,Laser Welding Machine 1,Medium Capacity Cutting Machine 2,Assembly Machine 2,,0.2816849816849817,0.0
T3,,,Large Capacity Cutting Machine 1,Medium Capacity Cutting Machine 2,Assembly Machine 2,,0.2816849816849817,0.0
T3,,,Medium Capacity Cutting Machine 2,Testing Machine 1,Large Capacity Cutting Machine 2,,0.2815934065934066,0.0
T3,,,Medium Capacity Cutting Machine 2,Testing Machine 1,Assembly Machine 3,,0.2815934065934066,0.0
T3,,,Assembly Machine 3,Medium Capacity Cutting Machine 3,Large Capacity Cutting Machine 1,,0.2797619047619047,0.0
T3,,,Large Capacity Cutting Machine 2,Medium Capacity Cutting Machine 3,Assembly Machine 1,,0.2797619047619047,0.0
T3,,,Laser Welding Machine 2,Medium Capacity Cutting Machine 3,Large Capacity Cutting Machine 1,,0.2797619047619047,0.0
T3,,,Testing Machine 2,Medium Capacity Cutting Machine 3,Large Capacity Cutting Machine 1,,0.2797619047619047,0.0
T3,,,Testing Machine 2,Medium Capacity Cutting Machine 3,Assembly Machine 1,,0.2797619047619047,0.0
T3,,,Laser Welding Machine 2,Medium Capacity Cutting Machine 3,Assembly Machine 1,,0.2797619047619047,0.0
T3,,,Assembly Machine 2,Medium Capacity Cutting Machine 1,Testing Machine 2,,0.278021978021978,0.0
T3,,,Assembly Machine 2,Medium Capacity Cutting Machine 1,Large Capacity Cutting Machine 2,,0.278021978021978,0.0
T3,,,Medium Capacity Cutting Machine 2,Laser Welding Machine 1,Testing Machine 1,,0.2777472527472527,0.0
T3,,,Assembly Machine 1,Large Capacity Cutting Machine 2,Testing Machine 3,,0.2769230769230769,0.0
T3,,,Medium Capacity Cutting Machine 1,Large Capacity Cutting Machine 2,Testing Machine 3,,0.2769230769230769,0.0
T3,,,Medium Capacity Cutting Machine 1,Assembly Machine 3,Testing Machine 3,,0.2769230769230769,0.0
T3,,,Assembly Machine 1,Medium Capacity Cutting Machine 3,Large Capacity Cutting Machine 2,,0.2756410256410256,0.0
T3,,,Assembly Machine 1,Medium Capacity Cutting Machine 3,Testing Machine 2,,0.2756410256410256,0.0
T3,,,Medium Capacity Cutting Machine 3,Laser Welding Machine 1,Assembly Machine 1,,0.275,0.0
T3,,,Medium Capacity Cutting Machine 3,Laser Welding Machine 1,Large Capacity Cutting Machine 1,,0.275,0.0
T3,,,Testing Machine 3,Laser Welding Machine 2,Medium Capacity Cutting Machine 2,,0.2727106227106227,0.0
T3,,,Laser Welding Machine 1,Large Capacity Cutting Machine 1,Medium Capacity Cutting Machine 2,,0.2727106227106227,0.0
T3,,,Large Capacity Cutting Machine 1,Assembly Machine 1,Medium Capacity Cutting Machine 2,,0.2727106227106227,0.0
T3,,,Laser Welding Machine 1,Assembly Machine 1,Medium Capacity Cutting Machine 2,,0.2727106227106227,0.0
T3,,,Laser Welding Machine 1,Assembly Machine 3,Large Capacity Cutting Machine 1,,0.2714285714285714,0.0
T3,,,Large Capacity Cutting Machine 1,Assembly Machine 3,Medium Capacity Cutting Machine 1,,0.2714285714285714,0.0
T3,,,Laser Welding Machine 1,Large Capacity Cutting Machine 2,Assembly Machine 1,,0.2714285714285714,0.0
T3,,,Laser Welding Machine 1,Large Capacity Cutting Machine 2,Medium Capacity Cutting Machine 1,,0.2714285714285714,0.0
T3,,,Laser Welding Machine 1,Assembly Machine 3,Medium Capacity Cutting Machine 1,,0.2714285714285714,0.0
T3,,,Medium Capacity Cutting Machine 2,Assembly Machine 1,Laser Welding Machine 2,,0.2713369963369963,0.0
T3,,,Medium Capacity Cutting Machine 2,Large Capacity Cutting Machine 1,Laser Welding Machine 2,,0.2713369963369963,0.0
T3,,,Testing Machine 3,Medium Capacity Cutting Machine 3,Laser Welding Machine 2,,0.2701465201465202,0.0
T3,,,Large Capacity Cutting Machine 1,Medium Capacity Cutting Machine 3,Laser Welding Machine 1,,0.2701465201465201,0.0
T3,,,Testing Machine 1,Large Capacity Cutting Machine 1,Medium Capacity Cutting Machine 3,,0.2699633699633699,0.0
T3,,,Testing Machine 1,Assembly Machine 1,Medium Capacity Cutting Machine 3,,0.2699633699633699,0.0
T3,,,Assembly Machine 1,Low Capacity Cutting Machine 1,Testing Machine 1,,0.2692307692307692,0.0
T3,,,Medium Capacity Cutting Machine 1,Low Capacity Cutting Machine 1,Testing Machine 1,,0.2692307692307692,0.0
T3,,,Assembly Machine 1,Riveting Machine,Testing Machine 1,,0.2692307692307692,0.0
T3,,,Assembly Machine 1,Laser Cutter,Testing Machine 1,,0.2692307692307692,0.0
T3,,,Medium Capacity Cutting Machine 1,Riveting Machine,Testing Machine 1,,0.2692307692307692,0.0
T3,,,Medium Capacity Cutting Machine 1,Laser Cutter,Testing Machine 1,,0.2692307692307692,0.0
T3,,,Medium Capacity Cutting Machine 3,Laser Welding Machine 2,Assembly Machine 2,,0.2685897435897436,0.0
T3,,,Medium Capacity Cutting Machine 3,Assembly Machine 1,Testing Machine 3,,0.2685897435897436,0.0
T3,,,Medium Capacity Cutting Machine 3,Large Capacity Cutting Machine 1,Testing Machine 3,,0.2685897435897436,0.0
T3,,,Large Capacity Cutting Machine 2,Assembly Machine 1,Testing Machine 1,,0.2682234432234432,0.0
T3,,,Laser Welding Machine 2,Large Capacity Cutting Machine 1,Testing Machine 1,,0.2682234432234432,0.0
T3,,,Assembly Machine 3,Large Capacity Cutting Machine 1,Testing Machine 1,,0.2682234432234432,0.0
T3,,,Laser Welding Machine 2,Assembly Machine 1,Testing Machine 1,,0.2682234432234432,0.0
T3,,,Assembly Machine 2,Testing Machine 1,Laser Cutter,,0.2678571428571428,0.0
T3,,,Assembly Machine 2,Laser Cutter,Medium Capacity Cutting Machine 1,,0.2678571428571428,0.0
T3,,,Assembly Machine 2,Riveting Machine,Medium Capacity Cutting Machine 1,,0.2678571428571428,0.0
T3,,,Assembly Machine 2,Testing Machine 1,Riveting Machine,,0.2678571428571428,0.0
T3,,,Assembly Machine 2,Riveting Machine,Large Capacity Cutting Machine 1,,0.2678571428571428,0.0
T3,,,Assembly Machine 2,Low Capacity Cutting Machine 1,Large Capacity Cutting Machine 1,,0.2678571428571428,0.0
T3,,,Assembly Machine 2,Low Capacity Cutting Machine 1,Medium Capacity Cutting Machine 1,,0.2678571428571428,0.0
T3,,,Assembly Machine 2,Laser Cutter,Large Capacity Cutting Machine 1,,0.2678571428571428,0.0
T3,,,Assembly Machine 2,Testing Machine 1,Low Capacity Cutting Machine 1,,0.2678571428571428,0.0
T3,,,Assembly Machine 2,Testing Machine 2,Laser Welding Machine 2,,0.2677655677655677,0.0
T3,,,Testing Machine 3,Assembly Machine 2,Medium Capacity Cutting Machine 3,,0.2675824175824176,0.0
T3,,,Testing Machine 1,Medium Capacity Cutting Machine 3,Assembly Machine 2,,0.2673992673992674,0.0
T3,,,Large Capacity Cutting Machine 1,Testing Machine 2,Assembly Machine 2,,0.2650183150183149,0.0
T3,,,Laser Welding Machine 1,Testing Machine 2,Assembly Machine 2,,0.2650183150183149,0.0
T3,,,Testing Machine 1,Medium Capacity Cutting Machine 1,Laser Welding Machine 1,,0.2648351648351648,0.0
T3,,,Large Capacity Cutting Machine 1,Testing Machine 1,Assembly Machine 3,,0.2637362637362637,0.0
T3,,,Laser Welding Machine 1,Testing Machine 1,Assembly Machine 3,,0.2637362637362637,0.0
T3,,,Laser Welding Machine 1,Testing Machine 1,Large Capacity Cutting Machine 2,,0.2637362637362637,0.0
T3,,,Medium Capacity Cutting Machine 3,Assembly Machine 2,Testing Machine 1,,0.2634615384615384,0.0
T3,,,Large Capacity Cutting Machine 2,Laser Welding Machine 2,Assembly Machine 1,,0.2630952380952381,0.0
T3,,,Assembly Machine 3,Laser Welding Machine 2,Medium Capacity Cutting Machine 1,,0.2630952380952381,0.0
T3,,,Testing Machine 2,Laser Welding Machine 2,Assembly Machine 1,,0.2630952380952381,0.0
T3,,,Testing Machine 2,Laser Welding Machine 2,Large Capacity Cutting Machine 1,,0.2630952380952381,0.0
T3,,,Testing Machine 2,Laser Welding Machine 2,Medium Capacity Cutting Machine 1,,0.2630952380952381,0.0
T3,,,Assembly Machine 3,Laser Welding Machine 2,Large Capacity Cutting Machine 1,,0.2630952380952381,0.0
T3,,,Large Capacity Cutting Machine 2,Laser Welding Machine 2,Medium Capacity Cutting Machine 1,,0.2630952380952381,0.0
T3,,,Assembly Machine 1,Testing Machine 3,Medium Capacity Cutting Machine 3,,0.2628205128205128,0.0
T3,,,Assembly Machine 2,Laser Welding Machine 1,Testing Machine 3,,0.2626373626373626,0.0
T3,,,Testing Machine 3,Medium Capacity Cutting Machine 2,Laser Welding Machine 1,,0.2624542124542124,0.0
T3,,,Assembly Machine 2,Large Capacity Cutting Machine 1,Testing Machine 2,,0.2613553113553113,0.0
T3,,,Assembly Machine 2,Testing Machine 3,Laser Welding Machine 1,,0.2600732600732601,0.0
T3,,,Large Capacity Cutting Machine 1,Laser Welding Machine 1,Testing Machine 1,,0.2598901098901098,0.0
T3,,,Testing Machine 3,Laser Welding Machine 1,Assembly Machine 2,,0.2598901098901098,0.0
T3,,,Medium Capacity Cutting Machine 1,Laser Welding Machine 2,Testing Machine 2,,0.2589743589743589,0.0
T3,,,Medium Capacity Cutting Machine 1,Laser Welding Machine 2,Large Capacity Cutting Machine 2,,0.2589743589743589,0.0
T3,,,Assembly Machine 1,Laser Welding Machine 2,Testing Machine 2,,0.2589743589743589,0.0
T3,,,Assembly Machine 1,Laser Welding Machine 2,Large Capacity Cutting Machine 2,,0.2589743589743589,0.0
T3,,,Medium Capacity Cutting Machine 1,Laser Welding Machine 2,Assembly Machine 3,,0.2589743589743589,0.0
T3,,,Assembly Machine 1,Large Capacity Cutting Machine 2,Laser Welding Machine 1,,0.2576923076923076,0.0
T3,,,Medium Capacity Cutting Machine 1,Large Capacity Cutting Machine 2,Laser Welding Machine 1,,0.2576923076923076,0.0
T3,,,Medium Capacity Cutting Machine 1,Assembly Machine 3,Laser Welding Machine 1,,0.2576923076923076,0.0
T3,,,Testing Machine 1,Laser Welding Machine 1,Assembly Machine 1,,0.2571428571428571,0.0
T3,,,Testing Machine 1,Laser Welding Machine 1,Medium Capacity Cutting Machine 1,,0.2571428571428571,0.0
T3,,,Testing Machine 1,Laser Welding Machine 1,Large Capacity Cutting Machine 1,,0.2571428571428571,0.0
T3,,,Medium Capacity Cutting Machine 2,Testing Machine 3,Large Capacity Cutting Machine 1,,0.2559523809523809,0.0
T3,,,Medium Capacity Cutting Machine 2,Testing Machine 3,Assembly Machine 1,,0.2559523809523809,0.0
T3,,,Assembly Machine 2,Large Capacity Cutting Machine 2,Testing Machine 1,,0.2549450549450549,0.0
T3,,,Assembly Machine 3,Testing Machine 1,Laser Welding Machine 1,,0.2541208791208791,0.0
T3,,,Large Capacity Cutting Machine 2,Testing Machine 1,Laser Welding Machine 1,,0.2541208791208791,0.0
T3,,,Large Capacity Cutting Machine 1,Assembly Machine 1,Laser Welding Machine 2,,0.2534798534798534,0.0
T3,,,Assembly Machine 1,Testing Machine 2,Medium Capacity Cutting Machine 2,,0.2512820512820513,0.0
T3,,,Testing Machine 1,Laser Welding Machine 2,Assembly Machine 2,,0.2507326007326007,0.0
T3,,,Medium Capacity Cutting Machine 1,Testing Machine 1,Riveting Machine,,0.25,0.0
T3,,,Assembly Machine 1,Testing Machine 1,Low Capacity Cutting Machine 1,,0.25,0.0
T3,,,Assembly Machine 1,Testing Machine 1,Laser Cutter,,0.25,0.0
T3,,,Assembly Machine 1,Riveting Machine,Large Capacity Cutting Machine 1,,0.25,0.0
T3,,,Assembly Machine 1,Laser Cutter,Large Capacity Cutting Machine 1,,0.25,0.0
T3,,,Laser Cutter,Testing Machine 1,Assembly Machine 1,,0.25,0.0
T3,,,Laser Cutter,Testing Machine 1,Large Capacity Cutting Machine 1,,0.25,0.0
T3,,,Laser Cutter,Testing Machine 1,Medium Capacity Cutting Machine 1,,0.25,0.0
T3,,,Assembly Machine 1,Laser Cutter,Medium Capacity Cutting Machine 1,,0.25,0.0
T3,,,Assembly Machine 1,Riveting Machine,Medium Capacity Cutting Machine 1,,0.25,0.0
T3,,,Assembly Machine 1,Low Capacity Cutting Machine 1,Medium Capacity Cutting Machine 1,,0.25,0.0
T3,,,Assembly Machine 1,Low Capacity Cutting Machine 1,Large Capacity Cutting Machine 1,,0.25,0.0
T3,,,Riveting Machine,Testing Machine 1,Large Capacity Cutting Machine 1,,0.25,0.0
T3,,,Riveting Machine,Testing Machine 1,Assembly Machine 1,,0.25,0.0
T3,,,Medium Capacity Cutting Machine 1,Low Capacity Cutting Machine 1,Large Capacity Cutting Machine 1,,0.25,0.0
T3,,,Medium Capacity Cutting Machine 1,Low Capacity Cutting Machine 1,Assembly Machine 1,,0.25,0.0
T3,,,Assembly Machine 1,Testing Machine 1,Riveting Machine,,0.25,0.0
T3,,,Medium Capacity Cutting Machine 1,Riveting Machine,Large Capacity Cutting Machine 1,,0.25,0.0
T3,,,Low Capacity Cutting Machine 1,Testing Machine 1,Assembly Machine 1,,0.25,0.0
T3,,,Medium Capacity Cutting Machine 1,Laser Cutter,Assembly Machine 1,,0.25,0.0
T3,,,Medium Capacity Cutting Machine 1,Laser Cutter,Large Capacity Cutting Machine 1,,0.25,0.0
T3,,,Low Capacity Cutting Machine 1,Testing Machine 1,Medium Capacity Cutting Machine 1,,0.25,0.0
T3,,,Riveting Machine,Testing Machine 1,Medium Capacity Cutting Machine 1,,0.25,0.0
T3,,,Low Capacity Cutting Machine 1,Testing Machine 1,Large Capacity Cutting Machine 1,,0.25,0.0
T3,,,Medium Capacity Cutting Machine 1,Testing Machine 1,Low Capacity Cutting Machine 1,,0.25,0.0
T3,,,Medium Capacity Cutting Machine 1,Testing Machine 1,Laser Cutter,,0.25,0.0
T3,,,Medium Capacity Cutting Machine 1,Riveting Machine,Assembly Machine 1,,0.25,0.0
T3,,,Medium Capacity Cutting Machine 3,Assembly Machine 1,Laser Welding Machine 1,,0.2493589743589743,0.0
T3,,,Medium Capacity Cutting Machine 3,Large Capacity Cutting Machine 1,Laser Welding Machine 1,,0.2493589743589743,0.0
T3,,,Assembly Machine 1,Medium Capacity Cutting Machine 2,Laser Welding Machine 2,,0.2487179487179487,0.0
T3,,,Assembly Machine 2,Testing Machine 2,Medium Capacity Cutting Machine 3,,0.2485347985347984,0.0
T3,,,Laser Welding Machine 1,Medium Capacity Cutting Machine 1,Testing Machine 3,,0.2483516483516483,0.0
T3,,,Large Capacity Cutting Machine 1,Medium Capacity Cutting Machine 1,Testing Machine 3,,0.2483516483516483,0.0
T3,,,Testing Machine 2,Medium Capacity Cutting Machine 1,Large Capacity Cutting Machine 1,,0.2464285714285714,0.0
T3,,,Laser Welding Machine 2,Medium Capacity Cutting Machine 1,Large Capacity Cutting Machine 1,,0.2464285714285714,0.0
T3,,,Large Capacity Cutting Machine 2,Medium Capacity Cutting Machine 1,Assembly Machine 1,,0.2464285714285714,0.0
T3,,,Laser Welding Machine 2,Medium Capacity Cutting Machine 1,Assembly Machine 1,,0.2464285714285714,0.0
T3,,,Testing Machine 2,Medium Capacity Cutting Machine 1,Assembly Machine 1,,0.2464285714285714,0.0
T3,,,Assembly Machine 3,Medium Capacity Cutting Machine 1,Large Capacity Cutting Machine 1,,0.2464285714285714,0.0
T3,,,Assembly Machine 1,Laser Welding Machine 1,Medium Capacity Cutting Machine 3,,0.2461538461538461,0.0
T3,,,Assembly Machine 2,Medium Capacity Cutting Machine 2,Testing Machine 3,,0.2459706959706959,0.0
T3,,,Testing Machine 3,Medium Capacity Cutting Machine 2,Assembly Machine 2,,0.2432234432234432,0.0
T3,,,Laser Welding Machine 1,Medium Capacity Cutting Machine 2,Testing Machine 1,,0.2432234432234432,0.0
T3,,,Large Capacity Cutting Machine 1,Medium Capacity Cutting Machine 2,Testing Machine 1,,0.2432234432234432,0.0
T3,,,Assembly Machine 1,Medium Capacity Cutting Machine 1,Testing Machine 2,,0.2423076923076922,0.0
T3,,,Assembly Machine 1,Medium Capacity Cutting Machine 1,Large Capacity Cutting Machine 2,,0.2423076923076922,0.0
T3,,,Medium Capacity Cutting Machine 3,Testing Machine 2,Assembly Machine 1,,0.2416666666666667,0.0
T3,,,Medium Capacity Cutting Machine 3,Testing Machine 2,Large Capacity Cutting Machine 1,,0.2416666666666667,0.0
T3,,,Testing Machine 1,Medium Capacity Cutting Machine 2,Large Capacity Cutting Machine 1,,0.2404761904761905,0.0
T3,,,Testing Machine 1,Medium Capacity Cutting Machine 2,Assembly Machine 1,,0.2404761904761905,0.0
T3,,,Medium Capacity Cutting Machine 3,Testing Machine 1,Laser Welding Machine 2,,0.2403846153846154,0.0
T3,,,Medium Capacity Cutting Machine 2,Laser Welding Machine 1,Assembly Machine 1,,0.2392857142857142,0.0
T3,,,Medium Capacity Cutting Machine 2,Laser Welding Machine 1,Large Capacity Cutting Machine 1,,0.2392857142857142,0.0
T3,,,Medium Capacity Cutting Machine 1,Large Capacity Cutting Machine 2,Assembly Machine 2,,0.2384615384615385,0.0
T3,,,Laser Welding Machine 1,Testing Machine 3,Large Capacity Cutting Machine 1,,0.2380952380952381,0.0
T3,,,Laser Welding Machine 1,Testing Machine 3,Assembly Machine 1,,0.2380952380952381,0.0
T3,,,Large Capacity Cutting Machine 1,Testing Machine 3,Medium Capacity Cutting Machine 1,,0.2380952380952381,0.0
T3,,,Large Capacity Cutting Machine 1,Testing Machine 3,Assembly Machine 1,,0.2380952380952381,0.0
T3,,,Laser Welding Machine 1,Testing Machine 3,Medium Capacity Cutting Machine 1,,0.2380952380952381,0.0
T3,,,Assembly Machine 2,Laser Welding Machine 2,Medium Capacity Cutting Machine 2,,0.236996336996337,0.0
T3,,,Testing Machine 3,Large Capacity Cutting Machine 1,Medium Capacity Cutting Machine 2,,0.236996336996337,0.0
T3,,,Testing Machine 3,Assembly Machine 1,Medium Capacity Cutting Machine 2,,0.236996336996337,0.0
T3,,,Testing Machine 3,Medium Capacity Cutting Machine 1,Laser Welding Machine 2,,0.2368131868131868,0.0
T3,,,Testing Machine 3,Assembly Machine 3,Medium Capacity Cutting Machine 1,,0.2357142857142857,0.0
T3,,,Testing Machine 3,Large Capacity Cutting Machine 2,Medium Capacity Cutting Machine 1,,0.2357142857142857,0.0
T3,,,Testing Machine 3,Assembly Machine 3,Large Capacity Cutting Machine 1,,0.2357142857142857,0.0
T3,,,Testing Machine 3,Large Capacity Cutting Machine 2,Assembly Machine 1,,0.2357142857142857,0.0
T3,,,Laser Welding Machine 2,Testing Machine 1,Assembly Machine 2,,0.2348901098901099,0.0
T3,,,Large Capacity Cutting Machine 2,Testing Machine 1,Assembly Machine 2,,0.2348901098901099,0.0
T3,,,Assembly Machine 2,Medium Capacity Cutting Machine 3,Laser Welding Machine 2,,0.2344322344322344,0.0
T3,,,Testing Machine 3,Laser Welding Machine 2,Medium Capacity Cutting Machine 3,,0.2342490842490842,0.0
T3,,,Laser Welding Machine 1,Assembly Machine 1,Medium Capacity Cutting Machine 3,,0.2342490842490842,0.0
T3,,,Laser Welding Machine 1,Large Capacity Cutting Machine 1,Medium Capacity Cutting Machine 3,,0.2342490842490842,0.0
T3,,,Large Capacity Cutting Machine 1,Assembly Machine 1,Medium Capacity Cutting Machine 3,,0.2342490842490842,0.0
T3,,,Testing Machine 1,Medium Capacity Cutting Machine 1,Assembly Machine 2,,0.2340659340659341,0.0
T3,,,Medium Capacity Cutting Machine 2,Laser Welding Machine 2,Assembly Machine 2,,0.2328754578754579,0.0
T3,,,Medium Capacity Cutting Machine 2,Large Capacity Cutting Machine 1,Testing Machine 3,,0.2328754578754578,0.0
T3,,,Medium Capacity Cutting Machine 2,Assembly Machine 1,Testing Machine 3,,0.2328754578754578,0.0
T3,,,Assembly Machine 1,Testing Machine 2,Laser Welding Machine 2,,0.232051282051282,0.0
T3,,,Medium Capacity Cutting Machine 1,Testing Machine 2,Laser Welding Machine 2,,0.232051282051282,0.0
T3,,,Laser Welding Machine 1,Medium Capacity Cutting Machine 3,Assembly Machine 2,,0.2316849816849817,0.0
T3,,,Large Capacity Cutting Machine 1,Medium Capacity Cutting Machine 3,Assembly Machine 2,,0.2316849816849817,0.0
T3,,,Testing Machine 1,Large Capacity Cutting Machine 1,Laser Welding Machine 1,,0.2315018315018315,0.0
T3,,,Testing Machine 1,Assembly Machine 1,Laser Welding Machine 1,,0.2315018315018315,0.0
T3,,,Medium Capacity Cutting Machine 3,Large Capacity Cutting Machine 1,Assembly Machine 2,,0.2301282051282051,0.0
T3,,,Medium Capacity Cutting Machine 3,Laser Welding Machine 2,Testing Machine 1,,0.2301282051282051,0.0
T3,,,Testing Machine 2,Large Capacity Cutting Machine 1,Medium Capacity Cutting Machine 1,,0.2297619047619047,0.0
T3,,,Laser Welding Machine 2,Large Capacity Cutting Machine 1,Assembly Machine 1,,0.2297619047619047,0.0
T3,,,Assembly Machine 3,Large Capacity Cutting Machine 1,Medium Capacity Cutting Machine 1,,0.2297619047619047,0.0
T3,,,Laser Welding Machine 2,Assembly Machine 1,Medium Capacity Cutting Machine 1,,0.2297619047619047,0.0
T3,,,Laser Welding Machine 2,Large Capacity Cutting Machine 1,Medium Capacity Cutting Machine 1,,0.2297619047619047,0.0
T3,,,Laser Welding Machine 2,Assembly Machine 1,Large Capacity Cutting Machine 1,,0.2297619047619047,0.0
T3,,,Large Capacity Cutting Machine 2,Assembly Machine 1,Medium Capacity Cutting Machine 1,,0.2297619047619047,0.0
T3,,,Testing Machine 2,Assembly Machine 1,Large Capacity Cutting Machine 1,,0.2297619047619047,0.0
T3,,,Testing Machine 2,Large Capacity Cutting Machine 1,Assembly Machine 1,,0.2297619047619047,0.0
T3,,,Testing Machine 2,Assembly Machine 1,Medium Capacity Cutting Machine 1,,0.2297619047619047,0.0
T3,,,Testing Machine 3,Assembly Machine 2,Laser Welding Machine 1,,0.2291208791208791,0.0
T3,,,Large Capacity Cutting Machine 1,Medium Capacity Cutting Machine 1,Laser Welding Machine 1,,0.229120879120879,0.0
T3,,,Medium Capacity Cutting Machine 2,Assembly Machine 2,Testing Machine 1,,0.2277472527472527,0.0
T3,,,Assembly Machine 1,Laser Welding Machine 1,Testing Machine 3,,0.2269230769230769,0.0
T3,,,Medium Capacity Cutting Machine 1,Laser Welding Machine 1,Testing Machine 3,,0.2269230769230769,0.0
T3,,,Assembly Machine 2,Medium Capacity Cutting Machine 2,Laser Welding Machine 1,,0.2267399267399267,0.0
T3,,,Medium Capacity Cutting Machine 1,Assembly Machine 1,Testing Machine 2,,0.2256410256410256,0.0
T3,,,Medium Capacity Cutting Machine 1,Assembly Machine 1,Large Capacity Cutting Machine 2,,0.2256410256410256,0.0
T3,,,Assembly Machine 1,Large Capacity Cutting Machine 1,Testing Machine 2,,0.2256410256410256,0.0
T3,,,Medium Capacity Cutting Machine 1,Large Capacity Cutting Machine 1,Testing Machine 2,,0.2256410256410256,0.0
T3,,,Medium Capacity Cutting Machine 1,Large Capacity Cutting Machine 1,Assembly Machine 3,,0.2256410256410256,0.0
T3,,,Medium Capacity Cutting Machine 3,Assembly Machine 2,Large Capacity Cutting Machine 1,,0.2249999999999999,0.0
T3,,,Medium Capacity Cutting Machine 1,Testing Machine 3,Laser Welding Machine 1,,0.2243589743589743,0.0
T3,,,Assembly Machine 1,Testing Machine 3,Laser Welding Machine 1,,0.2243589743589743,0.0
T3,,,Large Capacity Cutting Machine 1,Laser Welding Machine 1,Assembly Machine 1,,0.2214285714285714,0.0
T3,,,Large Capacity Cutting Machine 1,Laser Welding Machine 1,Medium Capacity Cutting Machine 1,,0.2214285714285714,0.0
T3,,,Medium Capacity Cutting Machine 1,Assembly Machine 3,Testing Machine 1,,0.2192307692307692,0.0
T3,,,Medium Capacity Cutting Machine 1,Large Capacity Cutting Machine 2,Testing Machine 1,,0.2192307692307692,0.0
T3,,,Assembly Machine 1,Large Capacity Cutting Machine 2,Testing Machine 1,,0.2192307692307692,0.0
T3,,,Assembly Machine 2,Large Capacity Cutting Machine 2,Medium Capacity Cutting Machine 1,,0.2178571428571428,0.0
T3,,,Testing Machine 3,Large Capacity Cutting Machine 1,Laser Welding Machine 2,,0.2177655677655677,0.0
T3,,,Testing Machine 3,Assembly Machine 1,Laser Welding Machine 2,,0.2177655677655677,0.0
T3,,,Medium Capacity Cutting Machine 1,Assembly Machine 2,Laser Welding Machine 2,,0.2153846153846154,0.0
T3,,,Large Capacity Cutting Machine 1,Laser Welding Machine 2,Assembly Machine 2,,0.215018315018315,0.0
T3,,,Large Capacity Cutting Machine 1,Assembly Machine 1,Testing Machine 3,,0.215018315018315,0.0
T3,,,Laser Welding Machine 1,Assembly Machine 1,Testing Machine 3,,0.215018315018315,0.0
T3,,,Laser Welding Machine 1,Large Capacity Cutting Machine 1,Testing Machine 3,,0.215018315018315,0.0
T3,,,Medium Capacity Cutting Machine 2,Large Capacity Cutting Machine 1,Laser Welding Machine 1,,0.2136446886446886,0.0
T3,,,Medium Capacity Cutting Machine 2,Assembly Machine 1,Laser Welding Machine 1,,0.2136446886446886,0.0
T3,,,Assembly Machine 1,Testing Machine 2,Medium Capacity Cutting Machine 3,,0.2128205128205128,0.0
T3,,,Testing Machine 3,Medium Capacity Cutting Machine 3,Laser Welding Machine 1,,0.2124542124542124,0.0
T3,,,Testing Machine 1,Large Capacity Cutting Machine 1,Assembly Machine 2,,0.2122710622710622,0.0
T3,,,Assembly Machine 1,Medium Capacity Cutting Machine 2,Testing Machine 3,,0.2102564102564102,0.0
T3,,,Assembly Machine 2,Testing Machine 1,Large Capacity Cutting Machine 2,,0.2101648351648351,0.0
T3,,,Assembly Machine 2,Testing Machine 2,Laser Welding Machine 1,,0.21007326007326,0.0
T3,,,Laser Welding Machine 1,Assembly Machine 2,Testing Machine 1,,0.2098901098901098,0.0
T3,,,Large Capacity Cutting Machine 1,Assembly Machine 2,Testing Machine 1,,0.2098901098901098,0.0
T3,,,Testing Machine 1,Assembly Machine 2,Large Capacity Cutting Machine 1,,0.2071428571428571,0.0
T3,,,Testing Machine 1,Assembly Machine 2,Medium Capacity Cutting Machine 1,,0.2071428571428571,0.0
T3,,,Laser Welding Machine 1,Testing Machine 1,Medium Capacity Cutting Machine 2,,0.206043956043956,0.0
T3,,,Large Capacity Cutting Machine 1,Testing Machine 1,Medium Capacity Cutting Machine 2,,0.206043956043956,0.0
T3,,,Medium Capacity Cutting Machine 2,Testing Machine 2,Large Capacity Cutting Machine 1,,0.2059523809523809,0.0
T3,,,Medium Capacity Cutting Machine 2,Testing Machine 2,Assembly Machine 1,,0.2059523809523809,0.0
T3,,,Medium Capacity Cutting Machine 1,Testing Machine 3,Assembly Machine 2,,0.2051282051282051,0.0
T3,,,Assembly Machine 2,Laser Welding Machine 1,Testing Machine 1,,0.2049450549450549,0.0
T3,,,Laser Welding Machine 1,Medium Capacity Cutting Machine 2,Large Capacity Cutting Machine 1,,0.2047619047619047,0.0
T3,,,Laser Welding Machine 1,Medium Capacity Cutting Machine 2,Assembly Machine 1,,0.2047619047619047,0.0
T3,,,Large Capacity Cutting Machine 1,Medium Capacity Cutting Machine 2,Assembly Machine 1,,0.2047619047619047,0.0
T3,,,Medium Capacity Cutting Machine 2,Testing Machine 1,Laser Welding Machine 2,,0.2046703296703296,0.0
T3,,,Assembly Machine 2,Large Capacity Cutting Machine 1,Medium Capacity Cutting Machine 2,,0.2036630036630036,0.0
T3,,,Assembly Machine 1,Laser Welding Machine 2,Medium Capacity Cutting Machine 2,,0.2012820512820513,0.0
T3,,,Assembly Machine 2,Medium Capacity Cutting Machine 1,Laser Welding Machine 2,,0.201098901098901,0.0
T3,,,Medium Capacity Cutting Machine 1,Assembly Machine 3,Large Capacity Cutting Machine 1,,0.2,0.0
T3,,,Medium Capacity Cutting Machine 1,Large Capacity Cutting Machine 2,Assembly Machine 1,,0.2,0.0
T3,,,Assembly Machine 1,Large Capacity Cutting Machine 2,Medium Capacity Cutting Machine 1,,0.2,0.0
T3,,,Assembly Machine 1,Medium Capacity Cutting Machine 3,Laser Welding Machine 2,,0.1987179487179487,0.0
T3,,,Assembly Machine 2,Laser Welding Machine 2,Medium Capacity Cutting Machine 3,,0.1985347985347985,0.0
T3,,,Testing Machine 3,Large Capacity Cutting Machine 1,Medium Capacity Cutting Machine 3,,0.1985347985347985,0.0
T3,,,Testing Machine 3,Assembly Machine 1,Medium Capacity Cutting Machine 3,,0.1985347985347985,0.0
T3,,,Laser Welding Machine 1,Medium Capacity Cutting Machine 1,Assembly Machine 2,,0.1983516483516483,0.0
T3,,,Large Capacity Cutting Machine 1,Medium Capacity Cutting Machine 1,Assembly Machine 2,,0.1983516483516483,0.0
T3,,,Medium Capacity Cutting Machine 3,Assembly Machine 1,Testing Machine 1,,0.1967948717948717,0.0
T3,,,Medium Capacity Cutting Machine 3,Large Capacity Cutting Machine 1,Testing Machine 1,,0.1967948717948717,0.0
T3,,,Large Capacity Cutting Machine 2,Testing Machine 1,Assembly Machine 1,,0.1964285714285714,0.0
T3,,,Large Capacity Cutting Machine 2,Testing Machine 1,Medium Capacity Cutting Machine 1,,0.1964285714285714,0.0
T3,,,Laser Welding Machine 2,Testing Machine 1,Large Capacity Cutting Machine 1,,0.1964285714285714,0.0
T3,,,Laser Welding Machine 2,Testing Machine 1,Medium Capacity Cutting Machine 1,,0.1964285714285714,0.0
T3,,,Laser Welding Machine 2,Testing Machine 1,Assembly Machine 1,,0.1964285714285714,0.0
T3,,,Assembly Machine 3,Testing Machine 1,Large Capacity Cutting Machine 1,,0.1964285714285714,0.0
T3,,,Assembly Machine 3,Testing Machine 1,Medium Capacity Cutting Machine 1,,0.1964285714285714,0.0
T3,,,Assembly Machine 2,Medium Capacity Cutting Machine 3,Testing Machine 3,,0.1959706959706959,0.0
T3,,,Large Capacity Cutting Machine 1,Assembly Machine 1,Laser Welding Machine 1,,0.1957875457875457,0.0
T3,,,Medium Capacity Cutting Machine 2,Laser Welding Machine 2,Testing Machine 1,,0.1944139194139194,0.0
T3,,,Medium Capacity Cutting Machine 2,Large Capacity Cutting Machine 1,Assembly Machine 2,,0.1944139194139194,0.0
T3,,,Testing Machine 3,Medium Capacity Cutting Machine 3,Assembly Machine 2,,0.1932234432234432,0.0
T3,,,Laser Welding Machine 1,Medium Capacity Cutting Machine 3,Testing Machine 1,,0.1932234432234432,0.0
T3,,,Large Capacity Cutting Machine 1,Medium Capacity Cutting Machine 3,Testing Machine 1,,0.1932234432234432,0.0
T3,,,Medium Capacity Cutting Machine 1,Testing Machine 1,Assembly Machine 3,,0.1923076923076923,0.0
T3,,,Assembly Machine 1,Testing Machine 1,Large Capacity Cutting Machine 2,,0.1923076923076923,0.0
T3,,,Medium Capacity Cutting Machine 1,Testing Machine 1,Large Capacity Cutting Machine 2,,0.1923076923076923,0.0
T3,,,Medium Capacity Cutting Machine 3,Laser Welding Machine 2,Assembly Machine 1,,0.1916666666666667,0.0
T3,,,Medium Capacity Cutting Machine 3,Laser Welding Machine 2,Large Capacity Cutting Machine 1,,0.1916666666666667,0.0
T3,,,Assembly Machine 1,Medium Capacity Cutting Machine 2,Laser Welding Machine 1,,0.191025641025641,0.0
T3,,,Testing Machine 1,Medium Capacity Cutting Machine 3,Assembly Machine 1,,0.1904761904761905,0.0
T3,,,Testing Machine 1,Medium Capacity Cutting Machine 3,Large Capacity Cutting Machine 1,,0.1904761904761905,0.0
T3,,,Medium Capacity Cutting Machine 2,Assembly Machine 2,Large Capacity Cutting Machine 1,,0.1892857142857142,0.0
T3,,,Medium Capacity Cutting Machine 1,Laser Welding Machine 1,Assembly Machine 2,,0.1884615384615384,0.0
T3,,,Assembly Machine 2,Medium Capacity Cutting Machine 2,Testing Machine 1,,0.1882783882783882,0.0
T3,,,Large Capacity Cutting Machine 1,Testing Machine 2,Medium Capacity Cutting Machine 1,,0.1880952380952381,0.0
T3,,,Laser Welding Machine 1,Testing Machine 2,Large Capacity Cutting Machine 1,,0.1880952380952381,0.0
T3,,,Large Capacity Cutting Machine 1,Testing Machine 2,Assembly Machine 1,,0.1880952380952381,0.0
T3,,,Laser Welding Machine 1,Testing Machine 2,Assembly Machine 1,,0.1880952380952381,0.0
T3,,,Laser Welding Machine 1,Testing Machine 2,Medium Capacity Cutting Machine 1,,0.1880952380952381,0.0
T3,,,Large Capacity Cutting Machine 1,Testing Machine 1,Laser Welding Machine 2,,0.1868131868131868,0.0
T3,,,Testing Machine 3,Laser Welding Machine 1,Large Capacity Cutting Machine 1,,0.1857142857142857,0.0
T3,,,Testing Machine 3,Laser Welding Machine 1,Assembly Machine 1,,0.1857142857142857,0.0
T3,,,Testing Machine 3,Laser Welding Machine 1,Medium Capacity Cutting Machine 1,,0.1857142857142857,0.0
T3,,,Assembly Machine 2,Testing Machine 3,Medium Capacity Cutting Machine 1,,0.1845238095238095,0.0
T3,,,Assembly Machine 2,Testing Machine 3,Large Capacity Cutting Machine 1,,0.1845238095238095,0.0
T3,,,Assembly Machine 2,Large Capacity Cutting Machine 1,Laser Welding Machine 2,,0.1844322344322344,0.0
T3,,,Medium Capacity Cutting Machine 3,Testing Machine 1,Laser Welding Machine 1,,0.1826923076923076,0.0
T3,,,Assembly Machine 2,Laser Welding Machine 2,Testing Machine 3,,0.1793040293040293,0.0
T3,,,Testing Machine 3,Medium Capacity Cutting Machine 1,Laser Welding Machine 1,,0.1791208791208791,0.0
T3,,,Medium Capacity Cutting Machine 1,Assembly Machine 2,Testing Machine 3,,0.1769230769230769,0.0
T3,,,Assembly Machine 2,Medium Capacity Cutting Machine 3,Laser Welding Machine 1,,0.1767399267399267,0.0
T3,,,Testing Machine 3,Laser Welding Machine 2,Assembly Machine 2,,0.1765567765567766,0.0
T3,,,Laser Welding Machine 1,Large Capacity Cutting Machine 1,Assembly Machine 2,,0.1765567765567765,0.0
T3,,,Large Capacity Cutting Machine 1,Laser Welding Machine 2,Testing Machine 1,,0.1765567765567765,0.0
T3,,,Medium Capacity Cutting Machine 1,Testing Machine 2,Laser Welding Machine 1,,0.1743589743589743,0.0
T3,,,Assembly Machine 1,Testing Machine 2,Laser Welding Machine 1,,0.1743589743589743,0.0
T3,,,Testing Machine 1,Laser Welding Machine 2,Medium Capacity Cutting Machine 1,,0.1738095238095238,0.0
T3,,,Testing Machine 1,Laser Welding Machine 2,Large Capacity Cutting Machine 1,,0.1738095238095238,0.0
T3,,,Testing Machine 1,Laser Welding Machine 2,Assembly Machine 1,,0.1738095238095238,0.0
T3,,,Laser Welding Machine 1,Assembly Machine 2,Large Capacity Cutting Machine 1,,0.1714285714285714,0.0
T3,,,Laser Welding Machine 1,Assembly Machine 2,Medium Capacity Cutting Machine 1,,0.1714285714285714,0.0
T3,,,Large Capacity Cutting Machine 1,Assembly Machine 2,Medium Capacity Cutting Machine 1,,0.1714285714285714,0.0
T3,,,Assembly Machine 1,Laser Welding Machine 1,Testing Machine 1,,0.1692307692307692,0.0
T3,,,Medium Capacity Cutting Machine 1,Laser Welding Machine 1,Testing Machine 1,,0.1692307692307692,0.0
T3,,,Testing Machine 3,Medium Capacity Cutting Machine 2,Assembly Machine 1,,0.169047619047619,0.0
T3,,,Testing Machine 3,Medium Capacity Cutting Machine 2,Large Capacity Cutting Machine 1,,0.169047619047619,0.0
T3,,,Assembly Machine 1,Large Capacity Cutting Machine 1,Medium Capacity Cutting Machine 2,,0.1679487179487179,0.0
T3,,,Assembly Machine 2,Laser Welding Machine 1,Large Capacity Cutting Machine 1,,0.1678571428571428,0.0
T3,,,Assembly Machine 2,Laser Welding Machine 1,Medium Capacity Cutting Machine 1,,0.1678571428571428,0.0
T3,,,Laser Welding Machine 1,Testing Machine 1,Medium Capacity Cutting Machine 3,,0.1675824175824175,0.0
T3,,,Large Capacity Cutting Machine 1,Testing Machine 1,Medium Capacity Cutting Machine 3,,0.1675824175824175,0.0
T3,,,Medium Capacity Cutting Machine 1,Testing Machine 3,Assembly Machine 1,,0.1666666666666666,0.0
T3,,,Assembly Machine 1,Testing Machine 3,Large Capacity Cutting Machine 1,,0.1666666666666666,0.0
T3,,,Assembly Machine 1,Testing Machine 3,Medium Capacity Cutting Machine 1,,0.1666666666666666,0.0
T3,,,Medium Capacity Cutting Machine 1,Testing Machine 3,Large Capacity Cutting Machine 1,,0.1666666666666666,0.0
T3,,,Assembly Machine 1,Medium Capacity Cutting Machine 1,Laser Welding Machine 2,,0.1653846153846153,0.0
T3,,,Assembly Machine 2,Large Capacity Cutting Machine 1,Medium Capacity Cutting Machine 3,,0.1652014652014651,0.0
T3,,,Medium Capacity Cutting Machine 3,Testing Machine 1,Assembly Machine 2,,0.1634615384615384,0.0
T3,,,Assembly Machine 1,Laser Welding Machine 2,Medium Capacity Cutting Machine 3,,0.1628205128205128,0.0
T3,,,Assembly Machine 2,Medium Capacity Cutting Machine 1,Testing Machine 3,,0.1626373626373626,0.0
T3,,,Medium Capacity Cutting Machine 2,Large Capacity Cutting Machine 1,Testing Machine 1,,0.161080586080586,0.0
T3,,,Medium Capacity Cutting Machine 2,Assembly Machine 1,Testing Machine 1,,0.161080586080586,0.0
T3,,,Assembly Machine 1,Medium Capacity Cutting Machine 3,Testing Machine 3,,0.1602564102564102,0.0
T3,,,Testing Machine 3,Large Capacity Cutting Machine 1,Laser Welding Machine 1,,0.16007326007326,0.0
T3,,,Testing Machine 3,Assembly Machine 1,Laser Welding Machine 1,,0.16007326007326,0.0
T3,,,Testing Machine 3,Medium Capacity Cutting Machine 1,Assembly Machine 2,,0.1598901098901099,0.0
T3,,,Large Capacity Cutting Machine 1,Medium Capacity Cutting Machine 1,Testing Machine 1,,0.1598901098901098,0.0
T3,,,Laser Welding Machine 1,Medium Capacity Cutting Machine 1,Testing Machine 1,,0.1598901098901098,0.0
T3,,,Medium Capacity Cutting Machine 3,Large Capacity Cutting Machine 1,Assembly Machine 1,,0.1583333333333333,0.0
T3,,,Medium Capacity Cutting Machine 3,Assembly Machine 1,Large Capacity Cutting Machine 1,,0.1583333333333333,0.0
T3,,,Medium Capacity Cutting Machine 1,Assembly Machine 2,Laser Welding Machine 1,,0.1576923076923077,0.0
T3,,,Testing Machine 1,Medium Capacity Cutting Machine 1,Large Capacity Cutting Machine 1,,0.1571428571428571,0.0
T3,,,Testing Machine 1,Medium Capacity Cutting Machine 1,Assembly Machine 1,,0.1571428571428571,0.0
T3,,,Medium Capacity Cutting Machine 2,Laser Welding Machine 2,Large Capacity Cutting Machine 1,,0.1559523809523809,0.0
T3,,,Medium Capacity Cutting Machine 2,Laser Welding Machine 2,Assembly Machine 1,,0.1559523809523809,0.0
T3,,,Medium Capacity Cutting Machine 1,Testing Machine 2,Assembly Machine 2,,0.1551282051282051,0.0
T3,,,Laser Welding Machine 1,Medium Capacity Cutting Machine 3,Assembly Machine 1,,0.1547619047619047,0.0
T3,,,Large Capacity Cutting Machine 1,Medium Capacity Cutting Machine 3,Assembly Machine 1,,0.1547619047619047,0.0
T3,,,Laser Welding Machine 1,Medium Capacity Cutting Machine 3,Large Capacity Cutting Machine 1,,0.1547619047619047,0.0
T3,,,Assembly Machine 1,Medium Capacity Cutting Machine 2,Testing Machine 1,,0.1525641025641025,0.0
T3,,,Assembly Machine 2,Testing Machine 1,Medium Capacity Cutting Machine 2,,0.1524725274725274,0.0
T3,,,Assembly Machine 2,Medium Capacity Cutting Machine 2,Large Capacity Cutting Machine 1,,0.1511904761904761,0.0
T3,,,Medium Capacity Cutting Machine 1,Laser Welding Machine 1,Large Capacity Cutting Machine 1,,0.15,0.0
T3,,,Assembly Machine 1,Laser Welding Machine 1,Medium Capacity Cutting Machine 1,,0.15,0.0
T3,,,Assembly Machine 1,Laser Welding Machine 1,Large Capacity Cutting Machine 1,,0.15,0.0
T3,,,Medium Capacity Cutting Machine 1,Laser Welding Machine 1,Assembly Machine 1,,0.15,0.0
T3,,,Medium Capacity Cutting Machine 1,Large Capacity Cutting Machine 1,Laser Welding Machine 2,,0.1487179487179487,0.0
T3,,,Medium Capacity Cutting Machine 1,Assembly Machine 1,Laser Welding Machine 2,,0.1487179487179487,0.0
T3,,,Assembly Machine 1,Large Capacity Cutting Machine 1,Laser Welding Machine 2,,0.1487179487179487,0.0
T3,,,Medium Capacity Cutting Machine 2,Testing Machine 1,Laser Welding Machine 1,,0.1469780219780219,0.0
T3,,,Assembly Machine 2,Large Capacity Cutting Machine 1,Testing Machine 3,,0.1459706959706959,0.0
T3,,,Assembly Machine 1,Laser Welding Machine 2,Testing Machine 3,,0.1435897435897436,0.0
T3,,,Medium Capacity Cutting Machine 1,Laser Welding Machine 2,Testing Machine 3,,0.1435897435897436,0.0
T3,,,Assembly Machine 2,Medium Capacity Cutting Machine 1,Laser Welding Machine 1,,0.1434065934065933,0.0
T3,,,Laser Welding Machine 1,Large Capacity Cutting Machine 1,Testing Machine 1,,0.1432234432234432,0.0
T3,,,Laser Welding Machine 1,Assembly Machine 1,Testing Machine 1,,0.1432234432234432,0.0
T3,,,Large Capacity Cutting Machine 1,Assembly Machine 1,Testing Machine 1,,0.1432234432234432,0.0
T3,,,Assembly Machine 1,Medium Capacity Cutting Machine 3,Laser Welding Machine 1,,0.141025641025641,0.0
T3,,,Testing Machine 3,Large Capacity Cutting Machine 1,Assembly Machine 2,,0.1408424908424908,0.0
T3,,,Testing Machine 1,Assembly Machine 1,Large Capacity Cutting Machine 1,,0.1404761904761904,0.0
T3,,,Testing Machine 1,Assembly Machine 1,Medium Capacity Cutting Machine 1,,0.1404761904761904,0.0
T3,,,Testing Machine 1,Large Capacity Cutting Machine 1,Medium Capacity Cutting Machine 1,,0.1404761904761904,0.0
T3,,,Testing Machine 1,Large Capacity Cutting Machine 1,Assembly Machine 1,,0.1404761904761904,0.0
T3,,,Assembly Machine 2,Medium Capacity Cutting Machine 3,Testing Machine 1,,0.1382783882783882,0.0
T3,,,Large Capacity Cutting Machine 1,Laser Welding Machine 2,Medium Capacity Cutting Machine 1,,0.1380952380952381,0.0
T3,,,Large Capacity Cutting Machine 1,Laser Welding Machine 2,Assembly Machine 1,,0.1380952380952381,0.0
T3,,,Testing Machine 3,Assembly Machine 2,Medium Capacity Cutting Machine 1,,0.1357142857142857,0.0
T3,,,Testing Machine 3,Assembly Machine 2,Large Capacity Cutting Machine 1,,0.1357142857142857,0.0
T3,,,Assembly Machine 1,Testing Machine 1,Medium Capacity Cutting Machine 2,,0.1346153846153846,0.0
T3,,,Assembly Machine 2,Testing Machine 2,Medium Capacity Cutting Machine 1,,0.1345238095238095,0.0
T3,,,Assembly Machine 2,Testing Machine 2,Large Capacity Cutting Machine 1,,0.1345238095238095,0.0
T3,,,Assembly Machine 1,Medium Capacity Cutting Machine 2,Large Capacity Cutting Machine 1,,0.1333333333333333,0.0
T3,,,Assembly Machine 2,Testing Machine 1,Laser Welding Machine 2,,0.1332417582417582,0.0
T3,,,Assembly Machine 1,Large Capacity Cutting Machine 1,Medium Capacity Cutting Machine 3,,0.1294871794871794,0.0
T3,,,Large Capacity Cutting Machine 1,Testing Machine 1,Laser Welding Machine 1,,0.1291208791208791,0.0
T3,,,Medium Capacity Cutting Machine 2,Testing Machine 1,Assembly Machine 2,,0.1277472527472527,0.0
T3,,,Assembly Machine 1,Medium Capacity Cutting Machine 1,Testing Machine 3,,0.1269230769230769,0.0
T3,,,Assembly Machine 2,Large Capacity Cutting Machine 1,Laser Welding Machine 1,,0.1267399267399267,0.0
T3,,,Medium Capacity Cutting Machine 3,Testing Machine 1,Assembly Machine 1,,0.125,0.0
T3,,,Medium Capacity Cutting Machine 3,Testing Machine 1,Large Capacity Cutting Machine 1,,0.125,0.0
T3,,,Medium Capacity Cutting Machine 2,Assembly Machine 1,Large Capacity Cutting Machine 1,,0.1226190476190476,0.0
T3,,,Medium Capacity Cutting Machine 2,Large Capacity Cutting Machine 1,Assembly Machine 1,,0.1226190476190476,0.0
T3,,,Assembly Machine 2,Laser Welding Machine 2,Testing Machine 1,,0.1216117216117216,0.0
T3,,,Laser Welding Machine 1,Medium Capacity Cutting Machine 1,Assembly Machine 1,,0.1214285714285714,0.0
T3,,,Laser Welding Machine 1,Medium Capacity Cutting Machine 1,Large Capacity Cutting Machine 1,,0.1214285714285714,0.0
T3,,,Large Capacity Cutting Machine 1,Medium Capacity Cutting Machine 1,Assembly Machine 1,,0.1214285714285714,0.0
T3,,,Medium Capacity Cutting Machine 1,Assembly Machine 2,Testing Machine 1,,0.1192307692307692,0.0
T3,,,Testing Machine 3,Medium Capacity Cutting Machine 3,Large Capacity Cutting Machine 1,,0.119047619047619,0.0
T3,,,Testing Machine 3,Medium Capacity Cutting Machine 3,Assembly Machine 1,,0.119047619047619,0.0
T3,,,Assembly Machine 1,Testing Machine 2,Large Capacity Cutting Machine 1,,0.1166666666666666,0.0
T3,,,Medium Capacity Cutting Machine 1,Testing Machine 2,Assembly Machine 1,,0.1166666666666666,0.0
T3,,,Assembly Machine 1,Testing Machine 2,Medium Capacity Cutting Machine 1,,0.1166666666666666,0.0
T3,,,Medium Capacity Cutting Machine 1,Testing Machine 2,Large Capacity Cutting Machine 1,,0.1166666666666666,0.0
T3,,,Assembly Machine 1,Testing Machine 1,Laser Welding Machine 2,,0.1153846153846153,0.0
T3,,,Medium Capacity Cutting Machine 1,Testing Machine 1,Laser Welding Machine 2,,0.1153846153846153,0.0
T3,,,Assembly Machine 2,Testing Machine 1,Medium Capacity Cutting Machine 3,,0.114010989010989,0.0
T3,,,Medium Capacity Cutting Machine 1,Assembly Machine 1,Testing Machine 3,,0.1102564102564102,0.0
T3,,,Medium Capacity Cutting Machine 1,Large Capacity Cutting Machine 1,Testing Machine 3,,0.1102564102564102,0.0
T3,,,Assembly Machine 1,Large Capacity Cutting Machine 1,Testing Machine 3,,0.1102564102564102,0.0
T3,,,Large Capacity Cutting Machine 1,Testing Machine 1,Assembly Machine 2,,0.1098901098901098,0.0
T3,,,Laser Welding Machine 1,Testing Machine 1,Assembly Machine 2,,0.1098901098901098,0.0
T3,,,Assembly Machine 1,Medium Capacity Cutting Machine 1,Laser Welding Machine 1,,0.1076923076923076,0.0
T3,,,Medium Capacity Cutting Machine 1,Laser Welding Machine 2,Assembly Machine 2,,0.1051282051282051,0.0
T3,,,Assembly Machine 2,Medium Capacity Cutting Machine 1,Testing Machine 1,,0.1049450549450549,0.0
T3,,,Laser Welding Machine 1,Assembly Machine 1,Large Capacity Cutting Machine 1,,0.1047619047619047,0.0
T3,,,Large Capacity Cutting Machine 1,Assembly Machine 1,Medium Capacity Cutting Machine 1,,0.1047619047619047,0.0
T3,,,Laser Welding Machine 1,Large Capacity Cutting Machine 1,Assembly Machine 1,,0.1047619047619047,0.0
T3,,,Laser Welding Machine 1,Large Capacity Cutting Machine 1,Medium Capacity Cutting Machine 1,,0.1047619047619047,0.0
T3,,,Laser Welding Machine 1,Assembly Machine 1,Medium Capacity Cutting Machine 1,,0.1047619047619047,0.0
T3,,,Assembly Machine 1,Medium Capacity Cutting Machine 3,Testing Machine 1,,0.1025641025641025,0.0
T3,,,Testing Machine 3,Laser Welding Machine 2,Assembly Machine 1,,0.1023809523809524,0.0
T3,,,Testing Machine 3,Laser Welding Machine 2,Medium Capacity Cutting Machine 1,,0.1023809523809524,0.0
T3,,,Testing Machine 3,Laser Welding Machine 2,Large Capacity Cutting Machine 1,,0.1023809523809524,0.0
T3,,,Assembly Machine 2,Medium Capacity Cutting Machine 3,Large Capacity Cutting Machine 1,,0.1011904761904761,0.0
T3,,,Medium Capacity Cutting Machine 1,Assembly Machine 2,Large Capacity Cutting Machine 1,,0.1,0.0
T3,,,Assembly Machine 1,Testing Machine 1,Medium Capacity Cutting Machine 3,,0.0961538461538461,0.0
T3,,,Assembly Machine 1,Large Capacity Cutting Machine 1,Laser Welding Machine 1,,0.091025641025641,0.0
T3,,,Medium Capacity Cutting Machine 1,Assembly Machine 1,Laser Welding Machine 1,,0.091025641025641,0.0
T3,,,Medium Capacity Cutting Machine 1,Large Capacity Cutting Machine 1,Laser Welding Machine 1,,0.091025641025641,0.0
T3,,,Medium Capacity Cutting Machine 2,Testing Machine 1,Large Capacity Cutting Machine 1,,0.0892857142857142,0.0
T3,,,Medium Capacity Cutting Machine 2,Testing Machine 1,Assembly Machine 1,,0.0892857142857142,0.0
T3,,,Assembly Machine 2,Large Capacity Cutting Machine 1,Testing Machine 1,,0.0882783882783882,0.0
T3,,,Medium Capacity Cutting Machine 1,Laser Welding Machine 2,Testing Machine 1,,0.0858974358974359,0.0
T3,,,Assembly Machine 1,Laser Welding Machine 2,Testing Machine 1,,0.0858974358974359,0.0
T3,,,Testing Machine 3,Medium Capacity Cutting Machine 1,Assembly Machine 1,,0.0857142857142857,0.0
T3,,,Testing Machine 3,Medium Capacity Cutting Machine 1,Large Capacity Cutting Machine 1,,0.0857142857142857,0.0
T3,,,Assembly Machine 2,Laser Welding Machine 2,Large Capacity Cutting Machine 1,,0.0845238095238095,0.0
T3,,,Assembly Machine 2,Laser Welding Machine 2,Medium Capacity Cutting Machine 1,,0.0845238095238095,0.0
T3,,,Assembly Machine 1,Medium Capacity Cutting Machine 3,Large Capacity Cutting Machine 1,,0.0833333333333333,0.0
T3,,,Assembly Machine 2,Testing Machine 1,Laser Welding Machine 1,,0.0755494505494505,0.0
T3,,,Medium Capacity Cutting Machine 1,Large Capacity Cutting Machine 1,Assembly Machine 2,,0.0717948717948717,0.0
T3,,,Laser Welding Machine 1,Testing Machine 1,Large Capacity Cutting Machine 1,,0.0714285714285714,0.0
T3,,,Large Capacity Cutting Machine 1,Testing Machine 1,Medium Capacity Cutting Machine 1,,0.0714285714285714,0.0
T3,,,Laser Welding Machine 1,Testing Machine 1,Assembly Machine 1,,0.0714285714285714,0.0
T3,,,Large Capacity Cutting Machine 1,Testing Machine 1,Assembly Machine 1,,0.0714285714285714,0.0
T3,,,Laser Welding Machine 1,Testing Machine 1,Medium Capacity Cutting Machine 1,,0.0714285714285714,0.0
T3,,,Assembly Machine 1,Medium Capacity Cutting Machine 1,Testing Machine 1,,0.0692307692307692,0.0
T3,,,Testing Machine 3,Large Capacity Cutting Machine 1,Medium Capacity Cutting Machine 1,,0.069047619047619,0.0
T3,,,Testing Machine 3,Large Capacity Cutting Machine 1,Assembly Machine 1,,0.069047619047619,0.0
T3,,,Testing Machine 3,Assembly Machine 1,Medium Capacity Cutting Machine 1,,0.069047619047619,0.0
T3,,,Testing Machine 3,Assembly Machine 1,Large Capacity Cutting Machine 1,,0.069047619047619,0.0
T3,,,Assembly Machine 2,Medium Capacity Cutting Machine 1,Large Capacity Cutting Machine 1,,0.0678571428571428,0.0
T3,,,Medium Capacity Cutting Machine 1,Laser Welding Machine 2,Large Capacity Cutting Machine 1,,0.0666666666666666,0.0
T3,,,Assembly Machine 1,Laser Welding Machine 2,Medium Capacity Cutting Machine 1,,0.0666666666666666,0.0
T3,,,Medium Capacity Cutting Machine 1,Laser Welding Machine 2,Assembly Machine 1,,0.0666666666666666,0.0
T3,,,Assembly Machine 1,Laser Welding Machine 2,Large Capacity Cutting Machine 1,,0.0666666666666666,0.0
T3,,,Assembly Machine 1,Testing Machine 1,Laser Welding Machine 1,,0.0576923076923076,0.0
T3,,,Medium Capacity Cutting Machine 1,Testing Machine 1,Laser Welding Machine 1,,0.0576923076923076,0.0
T3,,,Medium Capacity Cutting Machine 1,Assembly Machine 1,Testing Machine 1,,0.0525641025641025,0.0
T3,,,Medium Capacity Cutting Machine 1,Large Capacity Cutting Machine 1,Testing Machine 1,,0.0525641025641025,0.0
T3,,,Assembly Machine 1,Large Capacity Cutting Machine 1,Testing Machine 1,,0.0525641025641025,0.0
T3,,,Assembly Machine 2,Large Capacity Cutting Machine 1,Medium Capacity Cutting Machine 1,,0.0511904761904761,0.0
T3,,,Assembly Machine 1,Medium Capacity Cutting Machine 1,Large Capacity Cutting Machine 1,,0.0499999999999999,0.0
T3,,,Medium Capacity Cutting Machine 1,Testing Machine 1,Assembly Machine 2,,0.0384615384615384,0.0
T3,,,Assembly Machine 1,Large Capacity Cutting Machine 1,Medium Capacity Cutting Machine 1,,0.0333333333333333,0.0
T3,,,Medium Capacity Cutting Machine 1,Assembly Machine 1,Large Capacity Cutting Machine 1,,0.0333333333333333,0.0
T3,,,Medium Capacity Cutting Machine 1,Large Capacity Cutting Machine 1,Assembly Machine 1,,0.0333333333333333,0.0
T3,,,Assembly Machine 2,Testing Machine 1,Medium Capacity Cutting Machine 1,,0.0178571428571428,0.0
T3,,,Assembly Machine 2,Testing Machine 1,Large Capacity Cutting Machine 1,,0.0178571428571428,0.0
T3,,,Medium Capacity Cutting Machine 1,Testing Machine 1,Assembly Machine 1,,0.0,0.0
T3,,,Medium Capacity Cutting Machine 1,Testing Machine 1,Large Capacity Cutting Machine 1,,0.0,0.0
T3,,,Assembly Machine 1,Testing Machine 1,Medium Capacity Cutting Machine 1,,0.0,0.0
T3,,,Assembly Machine 1,Testing Machine 1,Large Capacity Cutting Machine 1,,0.0,0.0
